category,horizon_min,n,n_unique_markets,raw_predicted_mean,calibrated_predicted_mean,observed_yes_rate,raw_mae,raw_brier,calibrated_mae,calibrated_brier,mean_signed_isotonic_gap,mean_abs_isotonic_gap,share_positive_isotonic_gap,mean_volume
Crypto,10,3261,3261,0.4794415823367065,0.4789941735663907,0.4789941735663907,0.4543563324133701,0.22704345446182156,0.45273125664310016,0.22636562832155002,0.00044740877031592893,0.004231581098986446,0.7776755596442809,193237.70331986307
Sports,10,1634,1634,0.48191585067319465,0.4975520195838433,0.4975520195838433,0.3644978580171359,0.18747007175642594,0.36507428036073747,0.18253714018036868,-0.015636168910648708,0.03826708817498291,0.34577723378212977,625614.1003024188
Uncategorized,10,982,982,0.46329124236252545,0.43991853360488803,0.439918533604888,0.4294073319755601,0.2167923732179226,0.42692202220411013,0.21346101110205506,0.023372708757637466,0.029945503919027325,0.9083503054989817,154414.82687598464
Culture,10,173,173,0.11424566473988439,0.12138728323699421,0.12138728323699421,0.07428034682080922,0.03632342919075145,0.05899456997722893,0.029497284988614467,-0.007141618497109825,0.02249316868102995,0.8265895953757225,555106.6405986755
Politics,10,158,158,0.13875,0.1518987341772152,0.1518987341772152,0.058028481012658215,0.028038289556962026,0.04360056258790436,0.02180028129395218,-0.013148734177215187,0.02386040787623066,0.7721518987341772,2090647.4279143417
Technology,10,99,99,0.158969696969697,0.23232323232323232,0.23232323232323232,0.17895959595959596,0.11163741919191922,0.1805496609418178,0.09027483047090891,-0.07335353535353535,0.0742121212121212,0.37373737373737376,322999.4184035561
Economy,10,89,89,0.16237078651685394,0.16853932584269665,0.16853932584269662,0.09251685393258426,0.047834264044943835,0.07423756019261638,0.03711878009630819,-0.006168539325842694,0.023078651685393258,0.8202247191011236,3359638.341085194
World,10,27,27,0.09177777777777776,0.1111111111111111,0.1111111111111111,0.13103703703703704,0.07502918518518518,0.08888888888888889,0.04444444444444445,-0.019333333333333327,0.0514074074074074,0.8148148148148148,5820820.331206615
Science,10,2,2,0.031,0.0,0.0,0.031,0.00183125,0.0,0.0,0.031,0.031,1.0,201680.56840049993
Crypto,30,3224,3224,0.4790825062034739,0.4792183622828783,0.4792183622828784,0.4540049627791563,0.22688146789702232,0.45222358960517645,0.22611179480258825,-0.00013585607940446432,0.004512743487670663,0.7723325062034739,193964.7998715296
Sports,30,1627,1627,0.48171020282728944,0.49784880147510757,0.49784880147510757,0.36407037492317146,0.18702117655193606,0.3649728444937292,0.1824864222468646,-0.016138598647818064,0.03803227682874895,0.37553779963122313,626812.9148943254
Uncategorized,30,974,974,0.4633459958932238,0.4383983572895277,0.4383983572895277,0.4299219712525667,0.21718933572895277,0.4270042260074694,0.21350211300373476,0.024947638603696108,0.030445755044695936,0.9260780287474333,154848.35809570528
Culture,30,173,173,0.11403179190751445,0.12138728323699421,0.12138728323699421,0.07177167630057801,0.033614819364161844,0.05472061657032754,0.02736030828516378,-0.007355491329479771,0.02308959537572254,0.8265895953757225,555106.6405986755
Politics,30,158,158,0.13934177215189877,0.1518987341772152,0.1518987341772152,0.05768354430379745,0.027752082278481013,0.043741209563994375,0.021870604781997188,-0.012556962025316453,0.023459915611814344,0.7658227848101266,2090647.4279143417
Technology,30,99,99,0.15952525252525251,0.23232323232323232,0.23232323232323232,0.17914141414141418,0.11161692424242424,0.18154191487524823,0.0907709574376241,-0.0727979797979798,0.07552602952602952,0.45454545454545453,322999.4184035561
Economy,30,89,89,0.1605056179775281,0.16853932584269665,0.16853932584269662,0.09210112359550558,0.048621612359550564,0.07423756019261638,0.03711878009630819,-0.008033707865168539,0.022775280898876406,0.8202247191011236,3359638.341085194
World,30,27,27,0.09077777777777778,0.1111111111111111,0.1111111111111111,0.13218518518518518,0.07677066666666665,0.08888888888888889,0.04444444444444445,-0.020333333333333328,0.05255555555555556,0.8148148148148148,5820820.331206615
Science,30,2,2,0.03225,0.0,0.0,0.03225,0.001866625,0.0,0.0,0.03225,0.03225,1.0,201680.56840049993
Crypto,60,3164,3164,0.47909623893805303,0.4791403286978509,0.47914032869785084,0.453469816687737,0.22668460785398228,0.45197528251907854,0.22598764125953927,-4.408975979769897e-05,0.0038943915007607502,0.7740202275600506,195334.76746646507
Sports,60,1588,1588,0.48214011335012597,0.49433249370277077,0.49433249370277077,0.36243797229219143,0.18649697528337533,0.3636332073294357,0.18181660366471789,-0.012192380352644836,0.036509809145514424,0.396095717884131,633490.8957245431
Uncategorized,60,951,951,0.4619316508937959,0.4374342797055731,0.4374342797055731,0.42853627760252366,0.2168760483701367,0.42510662104447733,0.21255331052223872,0.02449737118822295,0.032094709123100314,0.9158780231335436,155148.38327524596
Culture,60,173,173,0.11385838150289017,0.12138728323699421,0.12138728323699421,0.07300867052023119,0.0341872210982659,0.056812551610239466,0.028406275805119743,-0.007528901734104048,0.022968208092485547,0.8265895953757225,555106.6405986755
Politics,60,158,158,0.14062658227848102,0.1518987341772152,0.1518987341772152,0.05686075949367087,0.02752325949367088,0.04149085794655415,0.020745428973277073,-0.011272151898734175,0.024871308016877633,0.7784810126582279,2090647.4279143417
Technology,60,99,99,0.15814646464646465,0.23232323232323235,0.23232323232323232,0.1802070707070707,0.11266312373737375,0.18851518851518853,0.09425759425759427,-0.07417676767676769,0.07553030303030302,0.42424242424242425,322999.4184035561
Economy,60,89,89,0.16014606741573034,0.16853932584269662,0.16853932584269662,0.09008988764044942,0.04608113483146068,0.08239700374531836,0.04119850187265918,-0.008393258426966288,0.01391011235955056,0.7752808988764045,3359638.341085194
World,60,27,27,0.08551851851851852,0.1111111111111111,0.1111111111111111,0.12677777777777777,0.07490496296296296,0.08888888888888889,0.04444444444444445,-0.025592592592592587,0.04862962962962962,0.8148148148148148,5820820.331206615
Science,60,2,2,0.06125,0.0,0.0,0.06125,0.007086624999999999,0.0,0.0,0.06125,0.06125,1.0,201680.56840049993
Crypto,120,3075,3075,0.4784112195121951,0.47934959349593503,0.479349593495935,0.4519510569105691,0.2256905319512195,0.4500432931013152,0.2250216465506576,-0.0009383739837398696,0.003948217815560594,0.08292682926829269,197269.63054858812
Sports,120,1565,1565,0.479432587859425,0.4913738019169329,0.4913738019169329,0.3628370607028754,0.18577363354632587,0.36342466444147775,0.18171233222073882,-0.011941214057507974,0.03333020838300509,0.3610223642172524,634723.4776717683
Uncategorized,120,925,925,0.46127999999999997,0.43891891891891893,0.43891891891891893,0.4261037837837837,0.21535538810810811,0.42114490864448395,0.21057245432224195,0.022361081081081095,0.027918918918918928,0.9264864864864865,156017.01381280966
Culture,120,173,173,0.11399421965317919,0.12138728323699421,0.12138728323699421,0.07380346820809247,0.03388450867052024,0.05070940620073568,0.025354703100367842,-0.007393063583815031,0.03046242774566474,0.8323699421965318,555106.6405986755
Politics,120,158,158,0.14353164556962028,0.1518987341772152,0.1518987341772152,0.06671518987341771,0.032817196202531644,0.05645218002812939,0.028226090014064703,-0.008367088607594933,0.019002812939521795,0.7468354430379747,2090647.4279143417
Technology,120,99,99,0.1606161616161616,0.23232323232323232,0.23232323232323232,0.18213131313131314,0.11138087878787879,0.18879941607214334,0.09439970803607169,-0.07170707070707072,0.07403030303030303,0.32323232323232326,322999.4184035561
Economy,120,89,89,0.16479775280898876,0.1685393258426966,0.16853932584269662,0.09519101123595505,0.04968846067415731,0.08389513108614233,0.041947565543071164,-0.0037415730337078627,0.01646441947565543,0.797752808988764,3359638.341085194
World,120,27,27,0.08725925925925926,0.1111111111111111,0.1111111111111111,0.12285185185185184,0.06962507407407408,0.08888888888888889,0.04444444444444445,-0.02385185185185185,0.050259259259259254,0.8148148148148148,5820820.331206615
Science,120,2,2,0.0645,0.0,0.0,0.0645,0.00788125,0.0,0.0,0.0645,0.0645,1.0,201680.56840049993
Crypto,180,2981,2981,0.47736598456893653,0.4766856759476686,0.4766856759476686,0.45074538745387455,0.22511740858772225,0.44880756724593013,0.22440378362296512,0.0006803086212679957,0.00501391983963524,0.7681985910768199,199558.90082042012
Sports,180,1504,1504,0.4765658244680851,0.488031914893617,0.488031914893617,0.36123670212765957,0.18524623570478724,0.3630802289432468,0.1815401144716234,-0.011466090425531927,0.029353638164521342,0.35638297872340424,643827.1098251852
Uncategorized,180,896,896,0.4583236607142857,0.43638392857142855,0.43638392857142855,0.42498549107142863,0.2150473917410714,0.4207668757679981,0.21038343788399905,0.02193973214285716,0.029896665958049903,0.9185267857142857,156991.19067919077
Culture,180,173,173,0.11385838150289017,0.12138728323699421,0.12138728323699421,0.07410693641618495,0.03323757658959537,0.05077363227652244,0.02538681613826123,-0.007528901734104048,0.028998394348105326,0.8497109826589595,555106.6405986755
Politics,180,158,158,0.14516772151898735,0.15189873417721517,0.1518987341772152,0.06854113924050632,0.03478509651898734,0.05942334739803094,0.02971167369901547,-0.006731012658227846,0.01816912798874824,0.7468354430379747,2090647.4279143417
Technology,180,98,98,0.15694387755102038,0.22448979591836737,0.22448979591836735,0.17331122448979597,0.10349456377551021,0.17005396143419776,0.08502698071709887,-0.06754591836734693,0.06808673469387755,0.30612244897959184,325354.63128575566
Economy,180,89,89,0.16682022471910113,0.1685393258426966,0.16853932584269662,0.09725842696629212,0.05229182022471911,0.08389513108614233,0.041947565543071164,-0.0017191011235954997,0.01688389513108614,0.8089887640449438,3359638.341085194
World,180,27,27,0.08192592592592592,0.1111111111111111,0.1111111111111111,0.11896296296296295,0.06802396296296297,0.08641975308641976,0.04320987654320988,-0.02918518518518518,0.052296296296296285,0.8148148148148148,5820820.331206615
Science,180,2,2,0.068,0.0,0.0,0.068,0.008980000000000002,0.0,0.0,0.068,0.068,1.0,201680.56840049993
Crypto,240,2870,2870,0.47625,0.47735191637630664,0.47735191637630664,0.448858362369338,0.22387628318815334,0.44599060306738453,0.22299530153369226,-0.0011019163763066099,0.004885845451149388,0.7655052264808362,202352.58379806287
Sports,240,1473,1473,0.4734582484725051,0.48336727766463,0.48336727766463,0.36451934826883914,0.18743076849966053,0.3669511053620836,0.18347555268104185,-0.009909029192124906,0.031809142199735886,0.36320434487440595,647698.8828214804
Uncategorized,240,865,865,0.4571387283236994,0.43699421965317914,0.4369942196531792,0.4221167630057803,0.21315108959537574,0.41639860381491683,0.20819930190745845,0.020144508670520245,0.02690075319670696,0.9179190751445087,158225.73055118028
Culture,240,173,173,0.11392196531791907,0.12138728323699421,0.12138728323699421,0.07366763005780344,0.031727593930635845,0.042205706945591344,0.021102853472795665,-0.007465317919075142,0.03588810900082576,0.8670520231213873,555106.6405986755
Politics,240,158,158,0.14427848101265822,0.1518987341772152,0.1518987341772152,0.06706962025316454,0.03375728481012658,0.059108742319934855,0.029554371159967428,-0.007620253164556956,0.017813753793767113,0.740506329113924,2090647.4279143417
Technology,240,98,98,0.15287755102040815,0.22448979591836735,0.22448979591836735,0.17777551020408164,0.10827320408163264,0.18309466643800376,0.0915473332190019,-0.07161224489795918,0.07218367346938774,0.3163265306122449,325354.63128575566
Economy,240,89,89,0.1653483146067416,0.16853932584269665,0.16853932584269662,0.093876404494382,0.04789288764044944,0.06914433880726016,0.03457216940363008,-0.003191011235955055,0.031603284356093345,0.8539325842696629,3359638.341085194
World,240,27,27,0.08529629629629627,0.1111111111111111,0.1111111111111111,0.12125925925925925,0.068688,0.1111111111111111,0.05555555555555555,-0.025814814814814818,0.04429629629629629,0.8148148148148148,5820820.331206615
Science,240,2,2,0.06425,0.0,0.0,0.06425,0.007879625,0.0,0.0,0.06425,0.06425,1.0,201680.56840049993
Crypto,300,2733,2733,0.4749771313574826,0.4742041712403951,0.47420417124039516,0.4468245517746066,0.22276116419685327,0.4440469768714152,0.2220234884357076,0.0007729601170874431,0.005272541865789728,0.7500914745700695,205869.21820977444
Sports,300,1441,1441,0.4708504510756419,0.48230395558639827,0.4823039555863983,0.36269292158223454,0.18592445610687022,0.3636628028641905,0.18183140143209525,-0.011453504510756404,0.02941863137148293,0.3421235253296322,654924.6430424113
Uncategorized,300,827,827,0.4543089480048368,0.4425634824667472,0.44256348246674726,0.4197962515114873,0.21193687031438938,0.4144158913061395,0.20720794565306977,0.01174546553808957,0.022865420331776326,0.3966142684401451,159899.86229859001
Culture,300,173,173,0.11348554913294795,0.12138728323699421,0.12138728323699421,0.07748554913294795,0.03530779768786128,0.04804110468850353,0.024020552344251767,-0.007901734104046243,0.03454335260115607,0.8554913294797688,555106.6405986755
Politics,300,158,158,0.14524683544303799,0.1518987341772152,0.1518987341772152,0.06950632911392403,0.03422898734177215,0.057738095238095234,0.02886904761904762,-0.0066518987341772145,0.01755213984327908,0.7531645569620253,2090647.4279143417
Technology,300,97,97,0.14849484536082472,0.2268041237113402,0.2268041237113402,0.17848453608247422,0.11013053092783508,0.18531211056984254,0.09265605528492128,-0.07830927835051546,0.07917525773195877,0.3711340206185567,327531.3654151449
Economy,300,89,89,0.16625842696629214,0.16853932584269662,0.16853932584269662,0.09464044943820225,0.04838225280898877,0.08052434456928838,0.040262172284644196,-0.002280898876404492,0.021531835205992507,0.8314606741573034,3359638.341085194
World,300,27,27,0.08433333333333332,0.1111111111111111,0.1111111111111111,0.12562962962962962,0.07351572222222222,0.12345679012345678,0.061728395061728406,-0.026777777777777772,0.04203703703703704,0.7777777777777778,5820820.331206615
Science,300,2,2,0.06425,0.0,0.0,0.06425,0.007879625,0.0,0.0,0.06425,0.06425,1.0,201680.56840049993
Crypto,360,2598,2598,0.4740598537336412,0.4745958429561199,0.4745958429561201,0.445096805234796,0.2222711309661278,0.4432765054440948,0.2216382527220474,-0.0005359892224787632,0.00411181535147372,0.7486528098537336,209464.86747619114
Sports,360,1426,1426,0.4717507012622721,0.48106591865357645,0.48106591865357645,0.3611384992987377,0.18506287920757364,0.3622384349566536,0.1811192174783268,-0.009315217391304373,0.0278993816018645,0.3394109396914446,657736.4278443791
Uncategorized,360,795,795,0.4529132075471698,0.44528301886792454,0.44528301886792454,0.41632704402515724,0.20988510125786164,0.40973843502076274,0.20486921751038137,0.007630188679245304,0.024306966166144427,0.410062893081761,160866.96200232446
Culture,360,173,173,0.11966184971098268,0.12138728323699421,0.12138728323699421,0.08223410404624276,0.03798972109826589,0.059344894026974945,0.02967244701348748,-0.0017254335260115565,0.03180250481695568,0.861271676300578,555106.6405986755
Politics,360,158,158,0.14520569620253165,0.1518987341772152,0.1518987341772152,0.06979430379746833,0.034039466772151895,0.057483246463142214,0.028741623231571114,-0.006693037974683545,0.018982812112186647,0.759493670886076,2090647.4279143417
Technology,360,97,97,0.14850515463917524,0.22680412371134018,0.2268041237113402,0.17916494845360822,0.11111354123711341,0.18376697758141058,0.0918834887907053,-0.07829896907216495,0.07921649484536081,0.3711340206185567,327531.3654151449
Economy,360,89,89,0.16512359550561798,0.16853932584269665,0.16853932584269662,0.09334831460674155,0.047492,0.08721241305510967,0.043606206527554835,-0.003415730337078641,0.013412520064205452,0.8314606741573034,3359638.341085194
World,360,27,27,0.0816111111111111,0.1111111111111111,0.1111111111111111,0.12761111111111112,0.07740237962962962,0.13333333333333333,0.06666666666666668,-0.029500000000000002,0.03924074074074074,0.7037037037037037,5820820.331206615
Science,360,2,2,0.07825,0.0,0.0,0.07825,0.011710624999999999,0.0,0.0,0.07825,0.07825,1.0,201680.56840049993
Crypto,420,2466,2466,0.4718992295214922,0.4724249797242498,0.4724249797242498,0.442381792376318,0.22082619880373072,0.4395978758477566,0.21979893792387822,-0.0005257502027574574,0.004734492138633682,0.745742092457421,213408.2119879256
Sports,420,1411,1411,0.471053862508859,0.4805102763997165,0.4805102763997165,0.3603401842664777,0.18472016052445073,0.3612220960639523,0.18061104803197614,-0.009456413890857546,0.02939732614828301,0.37420269312544296,660859.8226364214
Uncategorized,420,750,750,0.450184,0.43733333333333335,0.43733333333333335,0.41168133333333334,0.207425192,0.40540783973936856,0.20270391986968428,0.012850666666666673,0.022013763205828773,0.41733333333333333,162481.0310353026
Culture,420,169,169,0.11081952662721892,0.11834319526627218,0.11834319526627218,0.07456508875739644,0.033740800295857985,0.054437869822485205,0.027218934911242606,-0.007523668639053255,0.026683431952662717,0.8461538461538461,564136.4878535494
Politics,420,158,158,0.14422784810126585,0.1518987341772152,0.1518987341772152,0.06947468354430378,0.03335513607594937,0.055960495201001534,0.027980247600500767,-0.007670886075949367,0.0221799972179719,0.7341772151898734,2090647.4279143417
Technology,420,97,97,0.1493041237113402,0.2268041237113402,0.2268041237113402,0.17786082474226803,0.10893467783505155,0.18262150220913104,0.09131075110456555,-0.07749999999999999,0.07849999999999999,0.38144329896907214,327531.3654151449
Economy,420,89,89,0.164938202247191,0.16853932584269665,0.16853932584269662,0.09502808988764043,0.048986609550561805,0.07260155574762317,0.036300777873811585,-0.0036011235955056148,0.02595289541918755,0.8539325842696629,3359638.341085194
World,420,27,27,0.08077777777777778,0.11111111111111109,0.1111111111111111,0.12555555555555553,0.07484870370370371,0.1111111111111111,0.05555555555555555,-0.030333333333333327,0.05032098765432097,0.7037037037037037,5820820.331206615
Science,420,2,2,0.08,0.0,0.0,0.08,0.011950249999999999,0.0,0.0,0.08,0.08,1.0,201680.56840049993
Crypto,480,2325,2325,0.46958666666666665,0.4752688172043011,0.4752688172043011,0.43891096774193544,0.21888977784946234,0.4362893816641966,0.2181446908320983,-0.005682150537634344,0.009174455486848006,0.10150537634408602,217477.01613832495
Sports,480,1391,1391,0.4694946081955428,0.47807332854061824,0.47807332854061824,0.3588713156002876,0.1839257260963336,0.3599996067904254,0.1799998033952127,-0.008578720345075485,0.028859473322960325,0.4162473040977714,664830.4164649709
Uncategorized,480,702,702,0.4461296296296296,0.42735042735042733,0.42735042735042733,0.4068076923076923,0.2051597514245014,0.39981589398256057,0.19990794699128034,0.018779202279202288,0.027122507122507127,0.9031339031339032,163541.75947794013
Culture,480,169,169,0.10808284023668638,0.11834319526627218,0.11834319526627218,0.07721301775147926,0.0358912899408284,0.059763313609467454,0.02988165680473373,-0.010260355029585796,0.029520710059171597,0.8284023668639053,564136.4878535494
Politics,480,158,158,0.14379430379746838,0.1518987341772152,0.1518987341772152,0.06926265822784809,0.033254846518987344,0.05098452883263011,0.02549226441631505,-0.008104430379746834,0.02494268635724332,0.7658227848101266,2090647.4279143417
Technology,480,97,97,0.1495721649484536,0.22680412371134018,0.2268041237113402,0.1811082474226804,0.11008188402061857,0.18010915706488778,0.09005457853244392,-0.07723195876288658,0.07860309278350514,0.3917525773195876,327531.3654151449
Economy,480,89,89,0.16665168539325842,0.16853932584269662,0.16853932584269662,0.09787640449438201,0.05144262921348315,0.0898876404494382,0.0449438202247191,-0.001887640449438194,0.015741573033707865,0.8539325842696629,3359638.341085194
World,480,27,27,0.08127777777777778,0.1111111111111111,0.1111111111111111,0.12683333333333333,0.07575025,0.10493827160493828,0.05246913580246914,-0.02983333333333333,0.04864814814814814,0.7777777777777778,5820820.331206615
Science,480,2,2,0.09875,0.0,0.0,0.09875,0.018169625000000002,0.0,0.0,0.09875,0.09875,1.0,201680.56840049993
Crypto,540,2184,2184,0.46757211538461535,0.4684065934065934,0.4684065934065934,0.43563209706959705,0.21711606101190475,0.43257807905968365,0.21628903952984183,-0.0008344780219779985,0.005227902113841631,0.7257326007326007,222057.10567284367
Sports,540,1378,1378,0.46870319303338176,0.47677793904209,0.47677793904209,0.3575732946298984,0.18319452285921628,0.35889932102706273,0.1794496605135314,-0.008074746008708274,0.02894385538649434,0.386066763425254,667909.1958575178
Uncategorized,540,662,662,0.4423791540785499,0.4214501510574018,0.4214501510574018,0.40111480362537755,0.2022186487915408,0.39603622358880863,0.19801811179440434,0.020929003021148043,0.03100369251426653,0.8942598187311178,164442.14591597728
Culture,540,168,168,0.10564880952380952,0.11904761904761904,0.11904761904761904,0.07829166666666666,0.03831483928571428,0.05796703296703296,0.02898351648351648,-0.013398809523809521,0.03359523809523809,0.8214285714285714,566153.1262832076
Politics,540,158,158,0.14311075949367089,0.1518987341772152,0.1518987341772152,0.07071202531645569,0.03419308386075949,0.05272754671488848,0.026363773357444248,-0.008787974683544305,0.022894966847498498,0.7468354430379747,2090647.4279143417
Technology,540,97,97,0.14694329896907216,0.2268041237113402,0.2268041237113402,0.18320103092783505,0.11367370360824741,0.18428169768375957,0.09214084884187979,-0.07986082474226805,0.08074929709465792,0.36082474226804123,327531.3654151449
Economy,540,89,89,0.16597191011235954,0.16853932584269662,0.16853932584269662,0.09864606741573033,0.05218849157303371,0.08364544319600499,0.041822721598002495,-0.002567415730337069,0.019257802746566792,0.8539325842696629,3359638.341085194
World,540,27,27,0.0869259259259259,0.1111111111111111,0.1111111111111111,0.1272962962962963,0.07326712962962963,0.10493827160493828,0.05246913580246914,-0.02418518518518518,0.04692592592592592,0.7777777777777778,5820820.331206615
Science,540,2,2,0.09025,0.0,0.0,0.09025,0.014992624999999999,0.0,0.0,0.09025,0.09025,1.0,201680.56840049993
Crypto,600,2049,2049,0.46571620302586625,0.4675451439726696,0.4675451439726696,0.4320695461200586,0.21558909358223521,0.42952985107883396,0.214764925539417,-0.0018289409468032975,0.006940721969448552,0.27037579306979015,227030.77078874016
Sports,600,1361,1361,0.4682825128581925,0.4761204996326231,0.4761204996326231,0.3554338721528288,0.18156424889786923,0.3554904721842474,0.1777452360921237,-0.007837986774430563,0.029800745729259417,0.42836149889786923,671018.8760968484
Uncategorized,600,624,624,0.4405440705128205,0.42467948717948717,0.42467948717948717,0.39710336538461544,0.20069754927884617,0.39024178557760647,0.19512089278880324,0.015864583333333345,0.027500267094017098,0.8878205128205128,166353.39525387497
Culture,600,167,167,0.10481437125748504,0.11976047904191617,0.11976047904191617,0.08137724550898204,0.03872974251497006,0.05806568680820178,0.02903284340410089,-0.01494610778443114,0.042784431137724545,0.8263473053892215,568767.208299137
Politics,600,158,158,0.14305696202531645,0.1518987341772152,0.1518987341772152,0.07013291139240503,0.033962604430379746,0.05256680731364276,0.026283403656821382,-0.008841772151898733,0.025048523206751053,0.7531645569620253,2090647.4279143417
Technology,600,97,97,0.14485567010309278,0.22680412371134023,0.2268041237113402,0.17961855670103094,0.1111248969072165,0.1729995090819833,0.08649975454099165,-0.08194845360824744,0.08341875306823761,0.38144329896907214,327531.3654151449
Economy,600,89,89,0.16341011235955055,0.16853932584269662,0.16853932584269662,0.0969269662921348,0.050629879213483144,0.07677902621722846,0.03838951310861423,-0.0051292134831460645,0.025541198501872663,0.8426966292134831,3359638.341085194
World,600,27,27,0.08703703703703702,0.1111111111111111,0.1111111111111111,0.12925925925925927,0.07472516666666668,0.10493827160493828,0.05246913580246914,-0.02407407407407407,0.048074074074074075,0.7777777777777778,5820820.331206615
Science,600,2,2,0.153,0.0,0.0,0.153,0.044579249999999994,0.0,0.0,0.153,0.153,1.0,201680.56840049993
Crypto,660,1925,1925,0.4628106493506493,0.4623376623376622,0.4623376623376623,0.4274568831168831,0.2131629744155844,0.4242451075423751,0.21212255377118755,0.0004729870129870099,0.006579246834222075,0.7740259740259741,233120.66991273852
Sports,660,1347,1347,0.4665308092056422,0.4758723088344469,0.4758723088344469,0.35359317000742385,0.18020368114328136,0.35358928817293706,0.17679464408646853,-0.009341499628804753,0.027009058606548852,0.42242019302152933,673879.6116024837
Uncategorized,660,597,597,0.438000837520938,0.41708542713567837,0.41708542713567837,0.39272613065326634,0.19860783207705193,0.38681653355020185,0.19340826677510092,0.020915410385259636,0.03021421208607139,0.88107202680067,168548.86908373365
Culture,660,167,167,0.10410179640718562,0.11976047904191617,0.11976047904191617,0.08044910179640717,0.037764943113772466,0.0509647371922821,0.02548236859614105,-0.01565868263473054,0.04673053892215569,0.8383233532934131,568767.208299137
Politics,660,158,158,0.14131962025316458,0.1518987341772152,0.1518987341772152,0.07185126582278481,0.034810087025316454,0.052843078159533846,0.026421539079766923,-0.010579113924050627,0.02633137432188065,0.7721518987341772,2090647.4279143417
Technology,660,97,97,0.14628350515463917,0.22680412371134023,0.2268041237113402,0.17969587628865977,0.10897880154639177,0.16040179751519956,0.08020089875759981,-0.08052061855670103,0.08516455194290246,0.44329896907216493,327531.3654151449
Economy,660,83,83,0.14029518072289154,0.12048192771084337,0.12048192771084337,0.06849999999999996,0.03580274397590361,0.05060240963855422,0.025301204819277105,0.019813253012048195,0.021993975903614453,0.9036144578313253,3584948.117262496
World,660,27,27,0.08912962962962963,0.1111111111111111,0.1111111111111111,0.12987037037037036,0.07372502777777777,0.10493827160493828,0.05246913580246914,-0.021981481481481484,0.047055555555555545,0.7777777777777778,5820820.331206615
Science,660,2,2,0.13625,0.0,0.0,0.13625,0.035012125,0.0,0.0,0.13625,0.13625,1.0,201680.56840049993
Crypto,720,1806,1806,0.4600113510520487,0.45625692137320045,0.45625692137320045,0.42264147286821707,0.21051946220930232,0.4187075675480205,0.20935378377401023,0.0037544296788482793,0.008360572765138415,0.9335548172757475,240103.37308488792
Sports,720,1342,1342,0.4657488822652758,0.47466467958271236,0.47466467958271236,0.3526900149031297,0.17924237891207154,0.35221141256291594,0.17610570628145797,-0.008915797317436665,0.026487068081398543,0.36736214605067063,675189.7418888834
Uncategorized,720,563,563,0.43367761989342807,0.41207815275310833,0.41207815275310833,0.38690142095914737,0.1958340581705151,0.37913978808331794,0.18956989404165894,0.0215994671403197,0.03199102917196378,0.8650088809946714,171239.06196477264
Culture,720,167,167,0.10269461077844311,0.11976047904191617,0.11976047904191617,0.08217365269461076,0.039781733532934134,0.05213931112134705,0.026069655560673526,-0.017065868263473057,0.0429940119760479,0.8562874251497006,568767.208299137
Politics,720,158,158,0.14446202531645572,0.1518987341772152,0.1518987341772152,0.07306329113924048,0.03583840189873417,0.058544303797468354,0.029272151898734177,-0.0074367088607594925,0.021139240506329114,0.740506329113924,2090647.4279143417
Technology,720,97,97,0.1446701030927835,0.22680412371134023,0.2268041237113402,0.1794639175257732,0.10979676288659795,0.17045913960710807,0.08522956980355403,-0.08213402061855671,0.08309653233364575,0.35051546391752575,327531.3654151449
Economy,720,78,78,0.11290384615384617,0.1282051282051282,0.1282051282051282,0.036032051282051274,0.01839528525641025,0.017094017094017096,0.008547008547008548,-0.015301282051282051,0.02564743589743589,0.8589743589743589,3800762.8768163607
World,720,27,27,0.09024074074074075,0.1111111111111111,0.1111111111111111,0.12727777777777777,0.0701913611111111,0.09876543209876544,0.04938271604938272,-0.020870370370370362,0.045549382716049386,0.8148148148148148,5820820.331206615
Science,720,2,2,0.17400000000000002,0.0,0.0,0.17400000000000002,0.05766625000000001,0.0,0.0,0.17400000000000002,0.17400000000000002,1.0,201680.56840049993
Crypto,780,1699,1699,0.4573719835197174,0.4543849323131252,0.4543849323131254,0.41792289582107117,0.20809514773396112,0.4142530543460539,0.20712652717302696,0.002987051206592147,0.00711116228457061,0.7622130665097115,246939.49184398272
Sports,780,1340,1340,0.4661361940298507,0.47388059701492535,0.47388059701492535,0.352569776119403,0.17919658003731345,0.35182767128166115,0.17591383564083057,-0.007744402985074621,0.024275749839175423,0.36343283582089553,675856.5945910534
Uncategorized,780,537,537,0.4308482309124767,0.409683426443203,0.409683426443203,0.3827513966480447,0.1947858822160149,0.37437884474878735,0.18718942237439368,0.021164804469273747,0.03175069003130405,0.8752327746741154,173568.3304442756
Culture,780,167,167,0.10244910179640719,0.11976047904191617,0.11976047904191617,0.08222155688622754,0.03978327245508982,0.0526715799170889,0.026335789958544454,-0.017311377245508987,0.04365269461077844,0.8562874251497006,568767.208299137
Politics,780,158,158,0.14502215189873421,0.1518987341772152,0.1518987341772152,0.07552215189873417,0.037020305379746835,0.058755274261603374,0.029377637130801694,-0.006876582278481012,0.02165928270042194,0.7531645569620253,2090647.4279143417
Technology,780,97,97,0.14915463917525773,0.2268041237113402,0.2268041237113402,0.18022680412371134,0.10811132474226803,0.17425953199149075,0.08712976599574539,-0.07764948453608247,0.07830927835051546,0.32989690721649484,327531.3654151449
Economy,780,78,78,0.11440384615384619,0.1282051282051282,0.1282051282051282,0.03680128205128204,0.018961368589743583,0.019230769230769232,0.009615384615384616,-0.013801282051282051,0.024749999999999994,0.8589743589743589,3800762.8768163607
World,780,27,27,0.08955555555555555,0.1111111111111111,0.1111111111111111,0.11955555555555557,0.061623944444444446,0.09876543209876544,0.04938271604938272,-0.02155555555555555,0.0477037037037037,0.7777777777777778,5820820.331206615
Science,780,2,2,0.18875,0.0,0.0,0.18875,0.068116625,0.0,0.0,0.18875,0.18875,1.0,201680.56840049993
Crypto,840,1587,1587,0.4548024574669188,0.4543163201008192,0.4543163201008192,0.4122164461247637,0.20511997306238186,0.40799172526748606,0.20399586263374303,0.00048613736609953967,0.009125700826891145,0.16761184625078765,255349.22535581767
Sports,840,1336,1336,0.46589296407185626,0.47380239520958084,0.47380239520958084,0.3522447604790419,0.17924938248502995,0.3523042611541271,0.17615213057706353,-0.007909431137724545,0.025426947745755983,0.42664670658682635,676721.1373126553
Uncategorized,840,506,506,0.4264189723320158,0.4110671936758894,0.41106719367588934,0.3758794466403162,0.19137111561264822,0.3680690576807611,0.18403452884038055,0.015351778656126469,0.028486315956181386,0.8695652173913043,176568.89853655532
Culture,840,167,167,0.10383233532934134,0.11976047904191617,0.11976047904191617,0.08543113772455087,0.04188742215568862,0.06278212805158913,0.031391064025794564,-0.015928143712574856,0.034170428374021185,0.844311377245509,568767.208299137
Politics,840,158,158,0.14421202531645572,0.1518987341772152,0.1518987341772152,0.07492088607594936,0.033969716772151895,0.05171867513639665,0.025859337568198332,-0.00768670886075949,0.029224961747113642,0.7974683544303798,2090647.4279143417
Technology,840,97,97,0.14804123711340206,0.22680412371134023,0.2268041237113402,0.18037113402061855,0.10905457731958762,0.17528004641406705,0.08764002320703351,-0.07876288659793815,0.08067304860088367,0.4020618556701031,327531.3654151449
Economy,840,78,78,0.1131089743589744,0.1282051282051282,0.1282051282051282,0.03500641025641025,0.01757790064102564,0.01282051282051282,0.00641025641025641,-0.015096153846153851,0.025903846153846145,0.8589743589743589,3800762.8768163607
World,840,27,27,0.08911111111111111,0.1111111111111111,0.1111111111111111,0.11911111111111111,0.06098057407407408,0.08641975308641976,0.04320987654320988,-0.021999999999999995,0.0642962962962963,0.8148148148148148,5820820.331206615
Science,840,2,2,0.18275,0.0,0.0,0.18275,0.06552812499999999,0.0,0.0,0.18275,0.18275,1.0,201680.56840049993
Crypto,900,1480,1480,0.4516320945945946,0.452027027027027,0.452027027027027,0.40617195945945944,0.20183731739864863,0.40130953767807215,0.2006547688390361,-0.00039493243243241157,0.008400973572094243,0.1783783783783784,263466.5174035248
Sports,900,1336,1336,0.46625037425149696,0.47380239520958084,0.47380239520958084,0.3518506736526946,0.17894650243263474,0.3517818701353275,0.17589093506766376,-0.007552020958083841,0.02326708444222861,0.4318862275449102,676721.1373126553
Uncategorized,900,471,471,0.4206613588110404,0.4033970276008493,0.4033970276008493,0.36588853503184715,0.18544875743099787,0.3558476702414702,0.1779238351207351,0.017264331210191095,0.031815994338287336,0.8450106157112527,180084.89429411042
Culture,900,167,167,0.10489520958083834,0.11976047904191617,0.11976047904191617,0.08872155688622752,0.04477327994011976,0.07482178500142572,0.03741089250071287,-0.014865269461077845,0.0262125748502994,0.7964071856287425,568767.208299137
Politics,900,158,158,0.14379113924050635,0.1518987341772152,0.1518987341772152,0.07879746835443037,0.037485917721518984,0.05933544303797468,0.02966772151898734,-0.008107594936708856,0.028499999999999994,0.759493670886076,2090647.4279143417
Technology,900,97,97,0.1466185567010309,0.2268041237113402,0.2268041237113402,0.18057731958762888,0.10894332474226806,0.1709212894779905,0.08546064473899526,-0.08018556701030928,0.08353951890034364,0.4329896907216495,327531.3654151449
Economy,900,78,78,0.11483333333333337,0.1282051282051282,0.1282051282051282,0.03576923076923076,0.018153685897435896,0.019230769230769232,0.009615384615384616,-0.013371794871794873,0.02384615384615384,0.8589743589743589,3800762.8768163607
World,900,27,27,0.09227777777777775,0.1111111111111111,0.1111111111111111,0.12227777777777778,0.06373113888888889,0.09876543209876544,0.04938271604938272,-0.018833333333333323,0.045364197530864195,0.8148148148148148,5820820.331206615
Science,900,2,2,0.166,0.0,0.0,0.166,0.05380000000000001,0.0,0.0,0.166,0.166,1.0,201680.56840049993
Crypto,960,1350,1350,0.44676037037037036,0.4525925925925926,0.4525925925925926,0.39775518518518516,0.19763033648148146,0.39242432053543164,0.19621216026771582,-0.005832222222222229,0.015071211956767519,0.18222222222222223,274982.0469731472
Sports,960,1333,1333,0.4660423855963991,0.4741185296324081,0.4741185296324081,0.3521129032258064,0.1791598058889722,0.3514704454224266,0.1757352227112133,-0.00807614403600901,0.02651127355245849,0.42010502625656415,677952.4063353124
Uncategorized,960,455,455,0.41805494505494506,0.39560439560439564,0.3956043956043956,0.36137362637362636,0.18349905274725276,0.3495765993934343,0.1747882996967171,0.02245054945054946,0.037174618929457635,0.832967032967033,181674.7496542022
Culture,960,167,167,0.10410778443113775,0.11976047904191617,0.11976047904191617,0.09216167664670658,0.047765359281437124,0.06958610252023426,0.03479305126011713,-0.015652694610778447,0.038590511285122066,0.8023952095808383,568767.208299137
Politics,960,158,158,0.14300316455696205,0.1518987341772152,0.1518987341772152,0.07871202531645569,0.03689189082278481,0.0623869801084991,0.03119349005424955,-0.00889556962025316,0.022896775165762506,0.7721518987341772,2090647.4279143417
Technology,960,97,97,0.1480360824742268,0.22680412371134018,0.2268041237113402,0.18477835051546387,0.11236559536082474,0.18869661266568483,0.09434830633284243,-0.0787680412371134,0.07969587628865979,0.35051546391752575,327531.3654151449
Economy,960,78,78,0.11407692307692312,0.1282051282051282,0.1282051282051282,0.035410256410256406,0.017440499999999998,0.017094017094017096,0.008547008547008548,-0.01412820512820513,0.024512820512820506,0.8589743589743589,3800762.8768163607
World,960,27,27,0.08859259259259258,0.1111111111111111,0.1111111111111111,0.11933333333333332,0.06275812962962962,0.09876543209876544,0.04938271604938272,-0.022518518518518507,0.04785185185185184,0.7777777777777778,5820820.331206615
Science,960,2,2,0.08075,0.0,0.0,0.08075,0.012488125,0.0,0.0,0.08075,0.08075,1.0,201680.56840049993
Sports,1020,1328,1328,0.4652119728915663,0.47289156626506024,0.47289156626506024,0.35171874999999997,0.17886285636295182,0.35171588419489797,0.175857942097449,-0.007679593373493961,0.02403189724222875,0.4164156626506024,677781.1972397278
Crypto,1020,1250,1250,0.4423152,0.444,0.444,0.3894808,0.1931482364,0.3830475221962427,0.19152376109812136,-0.0016847999999999828,0.01316382376756369,0.2008,285331.61329710856
Uncategorized,1020,422,422,0.41037440758293836,0.3862559241706161,0.3862559241706161,0.3500071090047393,0.1778651125592417,0.3349869478958602,0.1674934739479301,0.024118483412322277,0.04033394094057601,0.8151658767772512,184080.79907622514
Culture,1020,167,167,0.10439820359281438,0.11976047904191617,0.11976047904191617,0.08895508982035925,0.04505254341317365,0.07065868263473053,0.03532934131736527,-0.015362275449101792,0.03176347305389221,0.8143712574850299,568767.208299137
Politics,1020,158,158,0.14465822784810128,0.1518987341772152,0.1518987341772152,0.07830379746835443,0.035750414556962026,0.05651881005566784,0.02825940502783392,-0.007240506329113919,0.0270983937878949,0.7784810126582279,2090647.4279143417
Technology,1020,97,97,0.14737113402061855,0.22680412371134018,0.2268041237113402,0.1835154639175258,0.11155648969072166,0.17168531892607092,0.08584265946303545,-0.07943298969072166,0.08078350515463917,0.4020618556701031,327531.3654151449
Economy,1020,78,78,0.11525000000000002,0.1282051282051282,0.1282051282051282,0.037647435897435896,0.019322560897435892,0.019230769230769232,0.009615384615384616,-0.012955128205128208,0.023801282051282045,0.8589743589743589,3800762.8768163607
World,1020,27,27,0.08833333333333332,0.1111111111111111,0.1111111111111111,0.11870370370370369,0.06226425925925926,0.09876543209876544,0.04938271604938272,-0.02277777777777777,0.04796296296296295,0.7777777777777778,5820820.331206615
Science,1020,2,2,0.07475,0.0,0.0,0.07475,0.010593124999999998,0.0,0.0,0.07475,0.07475,1.0,201680.56840049993
Sports,1080,1314,1314,0.4649855403348554,0.471841704718417,0.471841704718417,0.3502861491628615,0.17806683866057837,0.34956555446785653,0.17478277723392827,-0.006856164383561634,0.025295655993230408,0.4360730593607306,679445.6801382478
Crypto,1080,1130,1130,0.43683097345132743,0.4380530973451327,0.43805309734513276,0.37861681415929205,0.18739254557522125,0.37012323543146264,0.18506161771573135,-0.0012221238938052792,0.015584196442819673,0.2345132743362832,300751.09873519617
Uncategorized,1080,394,394,0.40586548223350255,0.3756345177664975,0.3756345177664975,0.3418705583756345,0.17525184137055838,0.3279425518004198,0.1639712759002099,0.030230964467005097,0.04680033840947548,0.817258883248731,188669.59079327923
Culture,1080,167,167,0.10276946107784432,0.11976047904191617,0.11976047904191617,0.08955988023952094,0.04507518113772455,0.0676828161858102,0.03384140809290509,-0.016991017964071854,0.0352147523135547,0.7964071856287425,568767.208299137
Politics,1080,158,158,0.1446075949367089,0.1518987341772152,0.1518987341772152,0.07646835443037973,0.033835585443037976,0.049156118143459916,0.02457805907172996,-0.007291139240506324,0.03612658227848101,0.8037974683544303,2090647.4279143417
Technology,1080,97,97,0.1457938144329897,0.2268041237113402,0.2268041237113402,0.18569072164948458,0.1143496443298969,0.18233272690519503,0.09116636345259754,-0.08101030927835051,0.08259793814432988,0.41237113402061853,327531.3654151449
Economy,1080,78,78,0.11493589743589745,0.1282051282051282,0.1282051282051282,0.03708974358974359,0.018072621794871794,0.019230769230769232,0.009615384615384616,-0.013269230769230768,0.025935897435897443,0.8589743589743589,3800762.8768163607
World,1080,27,27,0.09129629629629629,0.1111111111111111,0.1111111111111111,0.11833333333333333,0.06002998148148148,0.09876543209876544,0.04938271604938272,-0.01981481481481481,0.04611111111111112,0.7777777777777778,5820820.331206615
Science,1080,2,2,0.0735,0.0,0.0,0.0735,0.010232499999999997,0.0,0.0,0.0735,0.0735,1.0,201680.56840049993
Sports,1140,1304,1304,0.46504102760736205,0.4700920245398773,0.4700920245398773,0.3490072852760736,0.17714707112730063,0.34766774194523153,0.17383387097261577,-0.005050996932515335,0.023578446686040873,0.4279141104294479,665847.5863026737
Crypto,1140,997,997,0.4319222668004012,0.4262788365095286,0.4262788365095286,0.3674398194583751,0.1818877505015045,0.36076114902594336,0.1803805745129717,0.005643430290872622,0.01183962571475109,0.7021063189568706,322139.71268704085
Uncategorized,1140,367,367,0.4000790190735695,0.3814713896457766,0.3814713896457766,0.329858310626703,0.16770883514986376,0.31223405673161914,0.15611702836580957,0.018607629427792934,0.04978256743103817,0.5776566757493188,192765.10685325076
Culture,1140,167,167,0.10331437125748502,0.11976047904191617,0.11976047904191617,0.08971556886227544,0.04490168113772455,0.07359347239586761,0.0367967361979338,-0.016446107784431136,0.02756909258406264,0.7964071856287425,568767.208299137
Politics,1140,158,158,0.1459746835443038,0.1518987341772152,0.1518987341772152,0.07818354430379747,0.03466235443037975,0.04964838255977496,0.024824191279887487,-0.005924050632911393,0.035121659634317855,0.7848101265822784,2090647.4279143417
Technology,1140,97,97,0.14388144329896907,0.2268041237113402,0.2268041237113402,0.18499484536082475,0.11511517783505154,0.17980318650421748,0.08990159325210872,-0.08292268041237114,0.08452061855670102,0.41237113402061853,327531.3654151449
Economy,1140,78,78,0.1147820512820513,0.1282051282051282,0.1282051282051282,0.03771794871794872,0.01844825,0.019230769230769232,0.009615384615384616,-0.013423076923076923,0.026820512820512826,0.8589743589743589,3800762.8768163607
World,1140,27,27,0.09535185185185185,0.1111111111111111,0.1111111111111111,0.12090740740740741,0.06086582407407408,0.09876543209876544,0.04938271604938272,-0.015759259259259247,0.04312962962962962,0.7777777777777778,5820820.331206615
Science,1140,2,2,0.07375,0.0,0.0,0.07375,0.010304124999999997,0.0,0.0,0.07375,0.07375,1.0,201680.56840049993
Sports,1200,1293,1293,0.4654385150812065,0.4694508894044857,0.4694508894044857,0.3478476411446249,0.17652160402165507,0.34692196825214133,0.17346098412607064,-0.0040123743232791855,0.023969425950881938,0.4593967517401392,668212.4896224606
Crypto,1200,897,897,0.4244342251950947,0.4169453734671126,0.4169453734671126,0.35334726867335564,0.17438031633221848,0.34501912439723714,0.1725095621986186,0.007488851727982188,0.012864578303197238,0.6789297658862876,343308.7154353777
Uncategorized,1200,347,347,0.39534149855907774,0.3861671469740634,0.3861671469740634,0.32169884726224784,0.16399500648414989,0.3058539324750383,0.15292696623751914,0.009174351585014421,0.04329729205059358,0.5878962536023055,195496.7766366629
Culture,1200,167,167,0.10283233532934133,0.11976047904191617,0.11976047904191617,0.09242514970059879,0.046436967065868265,0.08006843455945252,0.04003421727972627,-0.01692814371257485,0.02653892215568862,0.7784431137724551,568767.208299137
Politics,1200,158,158,0.14749367088607596,0.1518987341772152,0.1518987341772152,0.0771139240506329,0.033723066455696206,0.04066519756060062,0.020332598780300314,-0.0044050632911392384,0.04404227950597037,0.7784810126582279,2090647.4279143417
Technology,1200,97,97,0.1445721649484536,0.2268041237113402,0.2268041237113402,0.18542783505154636,0.11548125515463917,0.1794305351006382,0.08971526755031911,-0.08223195876288661,0.08394329896907217,0.422680412371134,327531.3654151449
Economy,1200,78,78,0.11733974358974358,0.1282051282051282,0.1282051282051282,0.039993589743589734,0.0208841891025641,0.019230769230769232,0.009615384615384616,-0.010865384615384615,0.02396794871794871,0.8589743589743589,3800762.8768163607
World,1200,27,27,0.09585185185185184,0.1111111111111111,0.1111111111111111,0.12214814814814813,0.06241842592592593,0.09876543209876544,0.04938271604938272,-0.01525925925925925,0.042888888888888886,0.7777777777777778,5820820.331206615
Science,1200,2,2,0.073,0.0,0.0,0.073,0.010089999999999998,0.0,0.0,0.073,0.073,1.0,201680.56840049993
Sports,1260,1281,1281,0.46490788446526154,0.46604215456674475,0.46604215456674475,0.3463302107728337,0.17564806986729117,0.34529254769240203,0.17264627384620101,-0.0011342701014832026,0.02285735442944943,0.4879000780640125,671879.0946798294
Crypto,1260,768,768,0.410599609375,0.4049479166666667,0.4049479166666667,0.329052734375,0.16181802766927084,0.318274746909981,0.15913737345499052,0.0056516927083333475,0.014493183276368116,0.61328125,377531.10805305705
Uncategorized,1260,325,325,0.38899230769230764,0.3784615384615384,0.37846153846153846,0.31091230769230765,0.15889727461538464,0.2932331046562546,0.1466165523281273,0.010530769230769234,0.03543622536855934,0.5938461538461538,199963.92312457235
Culture,1260,167,167,0.10081137724550898,0.11976047904191617,0.11976047904191617,0.09512275449101794,0.04896225598802395,0.08290086493679308,0.04145043246839654,-0.01894910179640718,0.031581170991350625,0.7784431137724551,568767.208299137
Politics,1260,158,158,0.1478006329113924,0.1518987341772152,0.1518987341772152,0.07902848101265822,0.03487390348101266,0.046846262036135455,0.023423131018067724,-0.004098101265822782,0.03933465866060802,0.7721518987341772,2090647.4279143417
Technology,1260,97,97,0.143,0.2268041237113402,0.2268041237113402,0.18901030927835047,0.11897078350515464,0.19071661442795468,0.09535830721397731,-0.0838041237113402,0.08465979381443299,0.32989690721649484,327531.3654151449
Economy,1260,78,78,0.11882051282051283,0.1282051282051282,0.1282051282051282,0.04161538461538461,0.022710814102564106,0.019230769230769232,0.009615384615384616,-0.009384615384615384,0.02302564102564102,0.8589743589743589,3800762.8768163607
World,1260,27,27,0.09564814814814815,0.1111111111111111,0.1111111111111111,0.11972222222222222,0.05995558333333334,0.08641975308641976,0.04320987654320989,-0.015462962962962958,0.0449074074074074,0.8148148148148148,5820820.331206615
Science,1260,2,2,0.073,0.0,0.0,0.073,0.010089999999999998,0.0,0.0,0.073,0.073,1.0,201680.56840049993
Sports,1320,1262,1262,0.46469968304278925,0.4635499207606973,0.4635499207606973,0.3446426307448494,0.17502954397781298,0.3440588982287417,0.17202944911437087,0.0011497622820919012,0.022960635691170538,0.5015847860538827,676143.4617606406
Crypto,1320,661,661,0.39715658093797274,0.3903177004538578,0.3903177004538578,0.3029841149773071,0.14853896180030257,0.291735259365159,0.14586762968257944,0.006838880484114976,0.017269524273837458,0.632375189107413,415164.2136012871
Uncategorized,1320,287,287,0.37622473867595824,0.3623693379790941,0.3623693379790941,0.286911149825784,0.14758225174216028,0.2670345208469808,0.13351726042349038,0.013855400696864124,0.04383507036745741,0.6689895470383276,210141.77275519175
Culture,1320,167,167,0.10090119760479042,0.11976047904191617,0.11976047904191617,0.09580538922155687,0.04891301946107785,0.07681779298545766,0.03840889649272884,-0.01885928143712575,0.03760778443113772,0.8023952095808383,568767.208299137
Politics,1320,158,158,0.14998101265822783,0.1518987341772152,0.1518987341772152,0.08163291139240506,0.03686811075949367,0.052918424753867786,0.026459212376933893,-0.0019177215189873377,0.03547187060478199,0.7784810126582279,2090647.4279143417
Technology,1320,97,97,0.14189175257731956,0.2268041237113402,0.2268041237113402,0.18871649484536082,0.11882886855670105,0.1923557542114243,0.09617787710571214,-0.08491237113402061,0.08580927835051545,0.3402061855670103,327531.3654151449
Economy,1320,78,78,0.1191346153846154,0.1282051282051282,0.1282051282051282,0.04122435897435897,0.021795407051282047,0.019230769230769232,0.009615384615384616,-0.009070512820512818,0.022891025641025638,0.8589743589743589,3800762.8768163607
World,1320,27,27,0.10059259259259258,0.1111111111111111,0.1111111111111111,0.12059259259259261,0.0599627962962963,0.09259259259259259,0.046296296296296294,-0.010518518518518517,0.03281481481481481,0.8148148148148148,5820820.331206615
Science,1320,2,2,0.068,0.0,0.0,0.068,0.00872,0.0,0.0,0.068,0.068,1.0,201680.56840049993
Sports,1380,1235,1235,0.46430040485829965,0.4631578947368421,0.4631578947368421,0.34063076923076924,0.17285707773279355,0.3400516216436663,0.17002581082183316,0.00114251012145751,0.02240098354538128,0.5004048582995951,683347.5433424142
Crypto,1380,555,555,0.37598468468468477,0.37117117117117115,0.37117117117117115,0.2659234234234234,0.1293799481981982,0.25177982965217005,0.12588991482608505,0.004813513513513507,0.02476288486288485,0.7531531531531531,465267.16582774924
Uncategorized,1380,270,270,0.3670407407407407,0.3481481481481481,0.34814814814814815,0.2738481481481482,0.14149372222222223,0.25641859205077594,0.12820929602538797,0.018892592592592603,0.04768888888888889,0.7333333333333333,215510.34811787787
Culture,1380,167,167,0.10033832335329343,0.11976047904191617,0.11976047904191617,0.0963263473053892,0.04924924401197604,0.08062057702776265,0.04031028851388133,-0.019422155688622753,0.03534485574305934,0.7844311377245509,568767.208299137
Politics,1380,158,158,0.1500474683544304,0.1518987341772152,0.1518987341772152,0.08118037974683542,0.03590787183544304,0.0500095895665516,0.025004794783275792,-0.0018512658227848055,0.04096518987341772,0.7784810126582279,2090647.4279143417
Technology,1380,97,97,0.1402577319587629,0.2268041237113402,0.2268041237113402,0.1873298969072165,0.11777289690721651,0.18275241368024875,0.09137620684012439,-0.08654639175257732,0.08743053510063818,0.3402061855670103,327531.3654151449
Economy,1380,78,78,0.11744230769230768,0.1282051282051282,0.1282051282051282,0.039749999999999994,0.01938391346153846,0.019230769230769232,0.009615384615384616,-0.010762820512820511,0.025391025641025636,0.8589743589743589,3800762.8768163607
World,1380,27,27,0.10096296296296296,0.1111111111111111,0.1111111111111111,0.12392592592592593,0.06159385185185186,0.09259259259259259,0.046296296296296294,-0.010148148148148147,0.03659259259259259,0.8518518518518519,5820820.331206615
Science,1380,2,2,0.0685,0.0,0.0,0.0685,0.008788250000000001,0.0,0.0,0.0685,0.0685,1.0,201680.56840049993
Sports,1440,1226,1226,0.4637157422512235,0.46166394779771613,0.46166394779771613,0.3389506525285481,0.17151603119902123,0.33731025918065266,0.16865512959032633,0.0020517944535073536,0.021308120770823266,0.5570962479608483,684529.8864880372
Crypto,1440,512,512,0.36378710937500003,0.35546875,0.35546875,0.246810546875,0.1195968154296875,0.23259109501519637,0.1162955475075982,0.008318359375000013,0.02137494891901062,0.8125,492409.62492175354
Uncategorized,1440,263,263,0.36219011406844104,0.34220532319391633,0.34220532319391633,0.2663878326996198,0.13753697718631178,0.2476387513180177,0.12381937565900886,0.019984790874524726,0.05136230309614339,0.7034220532319392,217745.704925137
Culture,1440,167,167,0.10056886227544912,0.11976047904191617,0.11976047904191617,0.09775449101796405,0.050199449101796405,0.07834331337325348,0.039171656686626755,-0.01919161676646706,0.03844910179640719,0.7904191616766467,568767.208299137
Politics,1440,158,158,0.15005379746835443,0.1518987341772152,0.1518987341772152,0.08207278481012657,0.036435944620253166,0.05175335957167677,0.025876679785838384,-0.001844936708860757,0.03932185405807893,0.8164556962025317,2090647.4279143417
Technology,1440,97,97,0.1392164948453608,0.2268041237113402,0.2268041237113402,0.186659793814433,0.11768745360824742,0.1793499012235005,0.08967495061175025,-0.08758762886597939,0.08978770523100421,0.38144329896907214,327531.3654151449
Economy,1440,78,78,0.11786538461538462,0.1282051282051282,0.1282051282051282,0.039557692307692294,0.019499137820512817,0.019230769230769232,0.009615384615384616,-0.01033974358974359,0.024814102564102557,0.8589743589743589,3800762.8768163607
World,1440,27,27,0.1003333333333333,0.1111111111111111,0.1111111111111111,0.11662962962962962,0.05482438888888889,0.05925925925925926,0.029629629629629634,-0.010777777777777778,0.059407407407407395,0.8518518518518519,5820820.331206615
Science,1440,2,2,0.08775000000000001,0.0,0.0,0.08775000000000001,0.014630625000000001,0.0,0.0,0.08775000000000001,0.08775000000000001,1.0,201680.56840049993
Sports,2880,1153,1153,0.4608217692974849,0.46313963573287076,0.46313963573287076,0.3331053772766696,0.16819527862098876,0.33058004196795976,0.16529002098397988,-0.002317866435385952,0.019608290025553556,0.4492627927146574,677416.7939578235
Crypto,2880,317,317,0.2906230283911672,0.27129337539432175,0.27129337539432175,0.12227287066246056,0.0543522689274448,0.09785543257672473,0.048927716288362365,0.01932965299684543,0.03130110943476737,0.7791798107255521,692724.9373585009
Uncategorized,2880,209,209,0.3265023923444976,0.3062200956937799,0.3062200956937799,0.21608612440191388,0.11333706459330144,0.1992113150007887,0.09960565750039432,0.020282296650717707,0.04761554235238445,0.6507177033492823,236107.5498546844
Culture,2880,165,165,0.09940606060606061,0.12121212121212122,0.12121212121212122,0.10912727272727273,0.057972275757575756,0.09246753246753248,0.04623376623376624,-0.02180606060606061,0.04637575757575756,0.7575757575757576,573847.1758207931
Politics,2880,158,158,0.15415189873417723,0.1518987341772152,0.1518987341772152,0.10541772151898733,0.051082689873417714,0.08892259231173075,0.044461296155865374,0.0022531645569620314,0.02450680549884306,0.7468354430379747,2090647.4279143417
Technology,2880,93,93,0.13462365591397848,0.23655913978494625,0.23655913978494625,0.19239784946236557,0.12391267741935483,0.18109959037378393,0.09054979518689196,-0.10193548387096775,0.10576881720430109,0.2903225806451613,337023.2939929254
Economy,2880,78,78,0.12162820512820513,0.1282051282051282,0.1282051282051282,0.04056410256410255,0.016990628205128207,0.017094017094017096,0.008547008547008548,-0.006576923076923076,0.028897435897435892,0.8589743589743589,3800762.8768163607
World,2880,27,27,0.11437037037037036,0.1111111111111111,0.1111111111111111,0.11474074074074075,0.051948999999999995,0.05925925925925926,0.029629629629629634,0.003259259259259264,0.05548148148148148,0.8888888888888888,5820820.331206615
Science,2880,2,2,0.0905,0.0,0.0,0.0905,0.015162499999999999,0.0,0.0,0.0905,0.0905,1.0,201680.56840049993
