horizon_min,volume_bucket,n,mean_abs_isotonic_gap,std_abs_isotonic_gap,mean_signed_isotonic_gap,share_positive_isotonic_gap,decile_volume_min,decile_volume_max,mean_abs_gap_ci95_low,mean_abs_gap_ci95_high,rank_abs_gap_within_horizon,is_lowest_abs_gap_within_horizon,is_highest_abs_gap_within_horizon
10,Decile 1 (lowest),643,0.010951489180340241,0.02382552637340118,-0.0017345478189128257,0.656298600311042,88431.65343399995,97653.01383199994,0.009109898582132602,0.01279307977854788,6,False,False
10,Decile 2,642,0.009070039493436346,0.020952779926602362,-0.0013348857161185744,0.6884735202492211,97666.63496399978,106881.43025299977,0.007449236579487801,0.01069084240738489,2,False,False
10,Decile 3,643,0.009986303920267982,0.021500846206571514,0.0009609708015555096,0.7340590979782271,106926.299194,117080.93029499936,0.008324399137684242,0.011648208702851721,5,False,False
10,Decile 4,642,0.009305916051222324,0.0207241641948894,0.0011178679406379038,0.7507788161993769,117083.72990699932,129212.42595099966,0.007702797713995001,0.010909034388449647,4,False,False
10,Decile 5,643,0.00922960816197698,0.02064027065150758,0.0020216071407439438,0.7744945567651633,129249.27908200015,144108.27398100015,0.007634221441845047,0.010824994882108915,3,False,False
10,Decile 6,642,0.008797732546441244,0.02035104983857102,6.983707499692873e-06,0.7554517133956387,144108.9833449998,163933.04739499989,0.007223476481336058,0.01037198861154643,1,True,False
10,Decile 7,642,0.011008164945941794,0.02344535746349042,-0.0012266994356085064,0.7242990654205608,164018.97364100002,199565.025801,0.009194548622546728,0.012821781269336861,7,False,False
10,Decile 8,643,0.01823060115439293,0.030480185795318134,-0.004207660484738392,0.6376360808709176,199565.16298600027,300275.0529909999,0.01587463962336268,0.020586562685423183,8,False,False
10,Decile 9,642,0.025588575184073276,0.03427846738081845,-0.005154133707513481,0.5404984423676013,300653.0830789996,621381.3452940036,0.02293696332105831,0.028240187047088243,9,False,False
10,Decile 10 (highest),643,0.0317222367812151,0.03621084048363503,-0.010245911241248556,0.5241057542768274,621410.6510470011,172972056.63332495,0.028923325128950135,0.034521148433480066,10,False,True
30,Decile 1 (lowest),638,0.010816233752572037,0.022446546115012084,-0.002086031929224589,0.6489028213166145,88431.65343399995,97692.75465599968,0.009074445901998615,0.01255802160314546,7,False,False
30,Decile 2,637,0.008579096816828176,0.01854230824226844,-0.0016420078864183688,0.6718995290423861,97693.54966299963,106962.44326299951,0.007139137733964478,0.010019055899691874,4,False,False
30,Decile 3,637,0.00852283027652717,0.01719385686144333,0.0011074157013687188,0.7095761381475667,106962.87608500004,117188.87945699958,0.007187589268039613,0.009858071285014727,3,False,False
30,Decile 4,637,0.008849013507691563,0.01860073062512651,0.0009640908345925357,0.7441130298273155,117215.51321599974,129517.04550800002,0.007404517457814921,0.010293509557568206,5,False,False
30,Decile 5,638,0.008091548430695669,0.01689215658622126,0.002138962478137809,0.774294670846395,129517.13647500006,144386.88338500028,0.006780765339118545,0.009402331522272793,1,True,False
30,Decile 6,637,0.00813269430993397,0.016994853580386268,-0.00041865042797141174,0.7535321821036107,144427.56546799996,164262.091244,0.006812907503713668,0.009452481116154272,2,False,False
30,Decile 7,637,0.010748111512997628,0.020950432448529916,-0.00048503387781151836,0.7127158555729984,164286.5742180004,200257.3924129998,0.009121142254369215,0.012375080771626041,6,False,False
30,Decile 8,637,0.017195023290611015,0.027418780985163125,-0.004332989369319692,0.6342229199372057,200313.79869700025,303121.2360809998,0.015065734843629296,0.019324311737592734,8,False,False
30,Decile 9,637,0.023871464635384317,0.031020501369643606,-0.006007782982968509,0.5070643642072213,303187.61149400024,625282.5868629998,0.021462473687839836,0.026280455582928797,9,False,False
30,Decile 10 (highest),638,0.02930294259131218,0.03322723170569186,-0.011291757741025234,0.5141065830721003,626396.9356580008,172972056.63332495,0.02672460433844147,0.03188128084418289,10,False,True
60,Decile 1 (lowest),626,0.01085263470331346,0.023143977170340432,-0.0028059964171586365,0.65814696485623,88431.65343399995,97666.63496399978,0.009039596743817893,0.012665672662809026,7,False,False
60,Decile 2,625,0.00895613584670244,0.019919829589659297,-0.0019753279759762163,0.6768,97667.37895899997,107043.68658100002,0.0073944212068731505,0.010517850486531729,4,False,False
60,Decile 3,625,0.008784874130500076,0.018193960027551054,0.0010473648562061354,0.7168,107062.09093099996,117377.38891199988,0.007358467664340073,0.010211280596660079,3,False,False
60,Decile 4,625,0.008964298902189452,0.01889437152967204,0.0014536764110325054,0.7568,117387.82122199988,129864.88060300011,0.007482980174263165,0.01044561763011574,5,False,False
60,Decile 5,625,0.008108185451584734,0.018066712142111488,0.0021675802982519133,0.7808,129872.20044400053,144884.9410450001,0.006691755219643193,0.009524615683526274,1,True,False
60,Decile 6,625,0.008423733975940073,0.01925368851713291,-6.570430164559039e-05,0.7456,144919.3250659999,165098.11831699984,0.006914244796196853,0.009933223155683292,2,False,False
60,Decile 7,625,0.010558297277643042,0.021443714704724014,-0.00044948286153976495,0.7328,165167.9320930001,201218.72861199972,0.008877110044792679,0.012239484510493405,6,False,False
60,Decile 8,625,0.01771664199936309,0.02870036075605036,-0.002259794008499509,0.672,201228.2900600001,305409.8481860004,0.015466533716088743,0.01996675028263744,8,False,False
60,Decile 9,625,0.024142691451523188,0.032076862397824375,-0.002737580282299274,0.5568,305508.47823799966,630465.2449630004,0.021627865439533756,0.02665751746351262,9,False,False
60,Decile 10 (highest),625,0.03050761576300287,0.034516904508507446,-0.007084646124103821,0.5632,630750.8434499997,172972056.63332495,0.027801490449535886,0.033213741076469856,10,False,True
120,Decile 1 (lowest),612,0.009211298699862855,0.020617220891764026,-0.0028196023897193332,0.6372549019607843,88431.65343399995,97705.75495699992,0.007577831251734119,0.01084476614799159,7,False,False
120,Decile 2,611,0.007340276978590363,0.01643771907316196,-0.0027766797487130904,0.6693944353518821,97712.46970499997,107219.90099199997,0.006036879068936652,0.008643674888244074,3,False,False
120,Decile 3,611,0.007560285230650193,0.016817679715447093,-0.0010133627653025389,0.6841243862520459,107227.22746799998,117685.4305099999,0.006226759058997304,0.008893811402303083,5,False,False
120,Decile 4,611,0.007413224914326629,0.01770241537144339,0.00022875560209068276,0.7414075286415712,117698.2853379992,130343.87419999971,0.006009545298665533,0.008816904529987724,4,False,False
120,Decile 5,612,0.006775172323893788,0.01772333986845684,4.1213461238466615e-06,0.7630718954248366,130366.07885399937,145390.25832999995,0.005370982161736125,0.008179362486051452,2,False,False
120,Decile 6,611,0.006405372024429947,0.015418425772102277,-0.0012656092251256534,0.7184942716857611,145438.78667699988,165995.83546399983,0.005182797053288085,0.007627946995571809,1,True,False
120,Decile 7,611,0.008334911321627335,0.018567069759321046,-0.0012960049884895566,0.723404255319149,166005.95907200046,202204.40109799893,0.00686267056821248,0.009807152075042189,6,False,False
120,Decile 8,611,0.015246502121544476,0.02533328193755061,-0.001186351758750489,0.6284779050736498,202226.31045900003,309488.0174829995,0.01323774734388298,0.01725525689920597,8,False,False
120,Decile 9,611,0.02132095019515591,0.027657409293053933,-0.002193333081581358,0.5220949263502455,310193.8803590002,635161.605063,0.019127908125355572,0.02351399226495625,9,False,False
120,Decile 10 (highest),612,0.02878811221469685,0.03175587851098919,-0.006386185581979981,0.5294117647058824,635706.7937249998,172972056.63332495,0.026272147812571582,0.03130407661682212,10,False,True
180,Decile 1 (lowest),593,0.010722378668462628,0.022085542395749655,-0.0016972192790540928,0.6475548060708263,88431.65343399995,97834.59638100016,0.00894476740190806,0.012499989935017197,7,False,False
180,Decile 2,593,0.008286114708680004,0.016368611038324415,-0.00011632287976908731,0.6745362563237775,97851.865916,107299.28898200011,0.006968645258385921,0.009603584158974087,3,False,False
180,Decile 3,593,0.008703673318914315,0.018006686591882017,0.0005935628474985803,0.6930860033726813,107303.22120899972,117806.81967100003,0.00725435917550407,0.010152987462324561,5,False,False
180,Decile 4,592,0.008340548917015678,0.01746143710034436,0.0018804596991453743,0.7449324324324325,117842.65623699996,130479.14139500004,0.006933934054681203,0.009747163779350154,4,False,False
180,Decile 5,593,0.007651802524119169,0.016482385804989244,0.0014852233566622606,0.7689713322091062,130484.53161500009,145985.3947259998,0.006325175621250503,0.008978429426987835,1,True,False
180,Decile 6,593,0.0076648774400812775,0.0164025979427757,0.0003898443956024378,0.730185497470489,146033.64603099987,166571.51606299993,0.006344672467010107,0.008985082413152448,2,False,False
180,Decile 7,592,0.01060665322010467,0.021224995735872818,-0.00016454169020278943,0.7246621621621622,166656.53974500007,203028.0023289996,0.008896862995881041,0.012316443444328298,6,False,False
180,Decile 8,593,0.01608874069276492,0.025678725878123632,-0.0007500486362290254,0.6340640809443507,203115.647382,313987.9694390004,0.014021922879836602,0.018155558505693236,8,False,False
180,Decile 9,593,0.023331835940495437,0.031225570091577424,-0.0037666966230789647,0.4856661045531197,314110.79968599987,640212.8634249978,0.02081856620934047,0.025845105671650406,9,False,False
180,Decile 10 (highest),593,0.03006822072149968,0.03342067209954953,-0.006872446826310235,0.5143338954468802,641351.5254000005,172972056.63332495,0.027378272600894843,0.032758168842104515,10,False,True
240,Decile 1 (lowest),576,0.009364748067439326,0.021568728556698145,-0.00302152044382136,0.6388888888888888,88431.65343399995,98095.83393799992,0.007603301901975644,0.011126194232903008,7,False,False
240,Decile 2,575,0.007854461244469988,0.018161397045798985,-0.0032701086865156406,0.662608695652174,98112.6661109998,107469.157088,0.006369991323592623,0.009338931165347352,5,False,False
240,Decile 3,576,0.007746330925002614,0.0180170114157004,-0.001071672817764146,0.6770833333333334,107500.71887000006,118174.29896499972,0.0062749416593870806,0.009217720190618147,4,False,False
240,Decile 4,575,0.007201348229502862,0.01796384549335957,-0.00018477952947660895,0.7356521739130435,118220.44906200006,131123.49112499962,0.005733025708337062,0.008669670750668662,3,False,False
240,Decile 5,576,0.006516053330217577,0.01729689908780373,0.00015531216148027949,0.7621527777777778,131166.4676169999,146863.46639900014,0.005103473238046939,0.007928633422388216,2,False,False
240,Decile 6,575,0.0063881699669849894,0.015237788150836158,-0.0011795509811854418,0.7339130434782609,146928.6267499998,168426.01631699968,0.005142668967608394,0.007633670966361585,1,True,False
240,Decile 7,575,0.008818474942618797,0.019456225826814458,-0.001159407615507873,0.6852173913043478,168490.08575300002,206826.5894040006,0.007228168759626983,0.010408781125610611,6,False,False
240,Decile 8,576,0.01348074886193542,0.02362207449897274,-0.0012214735344439238,0.609375,206836.29868999988,322056.88636099995,0.011551612777852646,0.015409884946018193,8,False,False
240,Decile 9,575,0.02274371931562412,0.03077012584971232,-0.002310231505053323,0.4956521739130435,322484.4204630001,649054.052956999,0.020228641528914154,0.025258797102334085,9,False,False
240,Decile 10 (highest),576,0.02450381947820217,0.031226515129552247,-0.005326157461457825,0.5017361111111112,649370.9538039993,172972056.63332495,0.0219536540759554,0.027053984880448936,10,False,True
300,Decile 1 (lowest),555,0.00949928140663568,0.023157179814130298,-0.0031009105979903175,0.6486486486486487,88432.19110999956,98201.25242799985,0.007572665029243463,0.011425897784027897,7,False,False
300,Decile 2,555,0.008590254226250569,0.021144199015640325,-0.003830677068411352,0.6432432432432432,98214.43023500017,107639.88549599989,0.006831112550219887,0.01034939590228125,5,False,False
300,Decile 3,554,0.006992695775408711,0.016390696260711657,-0.0012114994304500736,0.6841155234657039,107681.26591599987,118555.48548199976,0.005627802822824263,0.00835758872799316,2,False,False
300,Decile 4,555,0.007845463144606718,0.020864314165384833,-0.001435154122914356,0.7225225225225225,118571.02001000008,132123.4132850001,0.006109607151056126,0.00958131913815731,4,False,False
300,Decile 5,555,0.006429216427634286,0.017708402683403544,-0.00022207316194505696,0.7423423423423423,132129.28432300003,148570.3408609997,0.004955923958467402,0.00790250889680117,1,True,False
300,Decile 6,554,0.007084040297845607,0.01875936559822651,-0.002034261812343079,0.720216606498195,148583.75915899948,170618.81679699983,0.005521902515977956,0.008646178079713258,3,False,False
300,Decile 7,555,0.008919855713481929,0.019759281389249886,-0.0033305831150624143,0.6666666666666666,170762.16654600005,210976.3050899992,0.007275935536863488,0.01056377589010037,6,False,False
300,Decile 8,554,0.013460925568170792,0.023798147939595827,-0.00219731528648285,0.6209386281588448,211009.22331499984,334160.6735170003,0.0114791961839728,0.015442654952368785,8,False,False
300,Decile 9,555,0.022942383226019856,0.031191394188409355,-0.0033366657340704957,0.5225225225225225,334617.3126600003,676484.4567290006,0.020347341370343754,0.025537425081695958,9,False,False
300,Decile 10 (highest),555,0.024397538168336678,0.03176999749738856,-0.007220576925337153,0.518918918918919,677047.8996270108,172972056.63332495,0.021754358041073098,0.027040718295600258,10,False,True
360,Decile 1 (lowest),537,0.009437362977640312,0.02155450203027879,-0.00466007277679992,0.6238361266294227,88432.19110999956,98214.43023500017,0.00761427795833889,0.011260447996941734,6,False,False
360,Decile 2,536,0.008660930790831363,0.019936142338607528,-0.004662755603976275,0.6194029850746269,98234.50994099976,107762.81570900002,0.006973154809197923,0.010348706772464803,5,False,False
360,Decile 3,537,0.00746835228495077,0.018064935627799945,-0.0031520347379330217,0.6629422718808193,107855.96399199976,118843.30919599978,0.0059404156399091666,0.008996288929992373,4,False,False
360,Decile 4,536,0.006368811033262441,0.017104615690743077,-0.001623971279827713,0.7164179104477612,118852.31544399985,132708.85660999993,0.004920749565422669,0.007816872501102213,3,False,False
360,Decile 5,537,0.006269829182320408,0.017082531439892683,-0.0014630279812194297,0.7392923649906891,132732.5917869998,149354.67323999983,0.004824984522208764,0.007714673842432052,2,False,False
360,Decile 6,536,0.0055159072021883975,0.014546259718754647,-0.0023999874483306444,0.7182835820895522,149359.23696399995,172527.84156999958,0.004284433863017261,0.006747380541359534,1,True,False
360,Decile 7,536,0.009687562807669662,0.020271864662913794,-0.0038313364699179325,0.6492537313432836,172600.85523000025,216362.3741489997,0.007971364874294586,0.011403760741044738,7,False,False
360,Decile 8,537,0.013991437761155672,0.023916493362979924,-0.0028029629721363996,0.5940409683426443,216374.3578990001,342148.3327320001,0.011968574940988417,0.01601430058132293,8,False,False
360,Decile 9,536,0.023436847253394434,0.029689507776937008,-0.002744310779251737,0.5111940298507462,342182.14203400014,689903.4105250001,0.020923360076118717,0.02595033443067015,9,False,False
360,Decile 10 (highest),537,0.02403620509751186,0.030341608741314897,-0.0071479242366054695,0.515828677839851,689942.2988790005,172972056.63332495,0.021469904457390748,0.026602505737632974,10,False,True
420,Decile 1 (lowest),517,0.010470437242090753,0.021339224791044317,-0.0030523039172952186,0.6344294003868471,88432.19110999956,98174.77404899996,0.008630981096955854,0.012309893387225651,6,False,False
420,Decile 2,517,0.009264025597389036,0.01877478290348051,-0.002458951365195969,0.6382978723404256,98201.25242799985,107855.96399199976,0.007645626141759573,0.010882425053018499,5,False,False
420,Decile 3,517,0.009089931986126032,0.019213971481428675,-0.002705994203710891,0.6441005802707931,107883.42173099988,119032.48381899927,0.007433674167013803,0.010746189805238261,4,False,False
420,Decile 4,517,0.008725060990853835,0.019977340643505176,-0.0006702856810197023,0.7098646034816247,119047.90504899972,133172.97355199963,0.007003000214514339,0.01044712176719333,3,False,False
420,Decile 5,517,0.007584862834897028,0.016589079998297375,0.0006458154159271144,0.7408123791102514,133220.28559299948,150872.7827400001,0.006154872502829806,0.00901485316696425,1,True,False
420,Decile 6,516,0.008095174438479512,0.017340655872875487,-0.001728699120122267,0.6918604651162791,150881.8531509996,175845.64462200005,0.0065989500128832215,0.009591398864075801,2,False,False
420,Decile 7,517,0.01088938786431084,0.021501873475053425,-0.002850893398120625,0.6479690522243714,175855.30056499952,221706.31489,0.00903591128852636,0.012742864440095321,7,False,False
420,Decile 8,517,0.015201947196662008,0.02452968583667844,-0.004612253110686845,0.5822050290135397,221737.99032400048,354011.2814490003,0.013087471071482277,0.017316423321841738,8,False,False
420,Decile 9,517,0.024715216465575774,0.03175764486292089,-0.00465992131567709,0.5164410058027079,355074.23200400017,705993.4442159995,0.02197768520236756,0.027452747728783988,9,False,False
420,Decile 10 (highest),517,0.025643071471034805,0.03067643903006009,-0.008822816397174128,0.4932301740812379,706428.3342010011,172972056.63332495,0.022998740909018236,0.028287402033051374,10,False,True
480,Decile 1 (lowest),496,0.009432099032054924,0.019995637194532838,-0.004940220608451039,0.125,88436.76449999989,97973.076203,0.0076723510278594005,0.011191847036250448,7,False,False
480,Decile 2,496,0.007994755818874249,0.018370170454778918,-0.005058479601425044,0.12903225806451613,97973.58892599998,107620.71272500003,0.0063780596125954355,0.009611452025153061,5,False,False
480,Decile 3,496,0.007824171108759609,0.01736795320400117,-0.004676498397796083,0.14516129032258066,107639.85415000004,119072.74089699928,0.0062956766331717625,0.009352665584347455,4,False,False
480,Decile 4,496,0.006906050520268481,0.01785374731256257,-0.002976998183244956,0.15725806451612903,119077.92187799978,133388.9271079998,0.005334802957861045,0.008477298082675916,3,False,False
480,Decile 5,496,0.006684220657963338,0.017224358282813285,-0.0027212202232604144,0.14919354838709678,133406.5832409998,151739.89625300004,0.005168363482878327,0.008200077833048347,2,False,False
480,Decile 6,496,0.006049539250652541,0.014235282524815172,-0.003317737062863062,0.16330645161290322,151770.78131000008,178797.785307,0.00479674046417265,0.007302338037132432,1,True,False
480,Decile 7,496,0.009409739932942486,0.01903581797560949,-0.0038746705125110538,0.27419354838709675,178832.62642799993,225789.6410329998,0.007734462352892819,0.011085017512992151,6,False,False
480,Decile 8,496,0.01463971028155784,0.023086802512808306,-0.005203066875775831,0.4012096774193548,225839.51558299983,371604.6787160001,0.012607919333866574,0.016671501229249108,8,False,False
480,Decile 9,496,0.022621399099000853,0.027250503220354064,-0.005371023559273174,0.45564516129032256,371972.8935900005,728266.996192,0.02022317501697694,0.025019623181024766,9,False,False
480,Decile 10 (highest),496,0.02319320423628312,0.026920784945106822,-0.008720972072173473,0.49193548387096775,728990.9041820004,172972056.63332495,0.020823997537959875,0.025562410934606365,10,False,True
540,Decile 1 (lowest),477,0.011537536934378104,0.01942698575613231,-0.0028407526570376593,0.8029350104821803,88436.76449999989,97901.84662799984,0.009794115811111588,0.013280958057644619,7,False,False
540,Decile 2,476,0.009608798469496716,0.016773954176990045,-0.001384597428825882,0.8235294117647058,97951.1842529999,107553.58208099988,0.008101885928336564,0.011115711010656868,5,False,False
540,Decile 3,477,0.00834972144826629,0.014627393360877334,0.000238482557232361,0.8427672955974843,107561.67896599988,119011.94992199968,0.007037026474182002,0.009662416422350578,1,True,False
540,Decile 4,476,0.008580331148710285,0.015669822315643223,0.0010633088181266947,0.865546218487395,119019.94076400014,133435.67547899994,0.007172609897296257,0.009988052400124313,3,False,False
540,Decile 5,477,0.009486883518073143,0.017213837553997798,0.0004277580837569377,0.8427672955974843,133474.2413429998,152639.3325530003,0.007942075261102815,0.011031691775043472,4,False,False
540,Decile 6,476,0.008575060046452723,0.014742297529292214,-8.732394428013452e-05,0.8172268907563025,152770.93363999974,181389.9627229999,0.007250664331643924,0.00989945576126152,2,False,False
540,Decile 7,476,0.011064910939683925,0.018536262074829408,-0.002233216754268181,0.7310924369747899,181446.8560759996,232818.16084500027,0.009399678908401245,0.012730142970966606,6,False,False
540,Decile 8,477,0.01580463459314037,0.022061006335163377,-0.004265017432831274,0.59958071278826,232825.137071,386848.8922920003,0.013824830575777592,0.01778443861050315,8,False,False
540,Decile 9,476,0.02234186915447072,0.026104688516384627,-0.0040669838841563485,0.5,387230.5966719997,757753.7393700011,0.019996716539091502,0.02468702176984994,9,False,False
540,Decile 10 (highest),477,0.024542873432749083,0.027244935095644244,-0.010307021745962739,0.49056603773584906,758169.9312949987,172972056.63332495,0.022097852061753444,0.026987894803744722,10,False,True
600,Decile 1 (lowest),458,0.01072815852034222,0.02274490148280615,-0.005701321785595338,0.6353711790393013,88436.76449999989,97819.92214999984,0.008645071597977694,0.012811245442706747,7,False,False
600,Decile 2,457,0.009587173187079424,0.020173804951170233,-0.004536521681163234,0.6411378555798687,97827.72095399996,107506.71760099976,0.007737539234477633,0.011436807139681215,5,False,False
600,Decile 3,457,0.007744845125788998,0.017009891527986598,-0.0029006478562814972,0.6652078774617067,107552.94388200004,119144.92526099984,0.006185294362985944,0.009304395888592052,4,False,False
600,Decile 4,458,0.00741902953617547,0.018502681502516567,-0.0014042367061352392,0.7510917030567685,119189.6457569999,134506.64061399992,0.005724465420533801,0.009113593651817138,2,False,False
600,Decile 5,457,0.0066336810918016294,0.016149022244436692,-0.0007240016701323453,0.7614879649890591,134536.9539350002,153986.34548600003,0.0051530590714673336,0.008114303112135925,1,True,False
600,Decile 6,457,0.0074536609497830334,0.016504544754982652,-0.0018388349167547545,0.7199124726477024,153993.656454,184741.3646479996,0.005940442871936945,0.008966879027629122,3,False,False
600,Decile 7,458,0.010116831911586306,0.02003983969306249,-0.0038274698250192933,0.6441048034934498,184834.75263000003,240065.83791799948,0.008281487492862108,0.011952176330310505,6,False,False
600,Decile 8,457,0.01488816867267713,0.023053429668639665,-0.004109760627864515,0.5601750547045952,240456.3681529996,402653.2628330002,0.012774516521174598,0.017001820824179663,8,False,False
600,Decile 9,457,0.022137007233662208,0.027690482423960383,-0.004946235449173569,0.5010940919037199,403416.80333800014,788007.4828729996,0.019598207211591542,0.024675807255732873,9,False,False
600,Decile 10 (highest),458,0.02241997914280476,0.02730564052346357,-0.007515458569656263,0.5218340611353712,788232.8774610005,172972056.63332495,0.01991919791391213,0.024920760371697392,10,False,True
660,Decile 1 (lowest),441,0.012693741540366557,0.023000209529623623,-0.0037634827782664537,0.8095238095238095,88436.76449999989,97951.1842529999,0.010547055317601686,0.014840427763131428,7,False,False
660,Decile 2,440,0.010557404047817649,0.018867407076840214,-0.0008655483135922303,0.8318181818181818,97954.11940599995,108016.05593499972,0.00879444610104185,0.012320361994593448,5,False,False
660,Decile 3,440,0.010420637650481237,0.01861865347720731,-0.0006933063301981753,0.8181818181818182,108023.4889210001,120269.91764799992,0.008680923074322073,0.0121603522266404,4,False,False
660,Decile 4,440,0.009507099936072577,0.018423549127047485,0.0015979710885679044,0.8704545454545455,120305.69362400024,135993.72559699992,0.007785615780403306,0.011228584091741847,2,False,False
660,Decile 5,441,0.008884252957812741,0.01582852181583504,0.001608355465408749,0.8435374149659864,136005.93767299983,156400.72896699962,0.007406924255001471,0.010361581660624012,1,True,False
660,Decile 6,440,0.009531996795318793,0.016104601350341637,-0.00031688291625391773,0.8,156449.66564000002,188300.16786500005,0.008027193574896842,0.011036800015740743,3,False,False
660,Decile 7,440,0.011922103541412125,0.02132149459163569,-0.002559349176878132,0.7,188336.119941,248119.52099799996,0.009929837292299293,0.013914369790524957,6,False,False
660,Decile 8,440,0.016985590452754232,0.02558995121761627,-0.0037674716779238253,0.6295454545454545,248884.878183,417092.7476779996,0.014594482460385784,0.01937669844512268,8,False,False
660,Decile 9,440,0.021340529014991973,0.026216176890012537,-0.005006846160517401,0.5181818181818182,417746.51305999927,806600.3579200017,0.018890906913020134,0.023790151116963813,9,False,False
660,Decile 10 (highest),441,0.024060291466478905,0.028679795974109502,-0.008843669208253017,0.528344671201814,806990.4095559991,172972056.63332495,0.02138351050889535,0.02673707242406246,10,False,True
720,Decile 1 (lowest),424,0.013775993290677987,0.022165263982544058,-0.0030564506177212193,0.8018867924528302,88436.76449999989,98283.85311900004,0.01166617015159514,0.015885816429760835,7,False,False
720,Decile 2,424,0.012033712557256247,0.018696882601781137,-0.0006926011772369463,0.8066037735849056,98318.60673100014,108665.15323099974,0.010254030818612422,0.013813394295900071,6,False,False
720,Decile 3,424,0.011009547395452677,0.015922505122531235,0.0013096452317463932,0.8018867924528302,108691.2923019999,121512.1480029997,0.009493947591807758,0.012525147199097596,3,False,False
720,Decile 4,424,0.010366653583250921,0.0151742415494692,0.0027285332922064843,0.8466981132075472,121541.09607099954,137630.0209789996,0.008922278006929546,0.011811029159572297,2,False,False
720,Decile 5,424,0.009576690587141985,0.014195134792835113,0.0021869641009883783,0.8349056603773585,137667.84533399984,158616.34742299982,0.008225512280765412,0.010927868893518558,1,True,False
720,Decile 6,424,0.011416495275305963,0.017011485498483088,-0.00037418971910799855,0.7617924528301887,158630.90700199956,192919.329442,0.009797239769793483,0.013035750780818442,4,False,False
720,Decile 7,424,0.011928336673779114,0.01864138248789305,-0.0012424615770258859,0.7004716981132075,192977.85709999988,262579.23607300007,0.010153937769781202,0.013702735577777025,5,False,False
720,Decile 8,424,0.01554901162103002,0.022670143528327635,-0.003683705136795364,0.6132075471698113,262892.377741,437908.3160499996,0.013391131010175904,0.01770689223188414,8,False,False
720,Decile 9,424,0.018179455498580018,0.021649104835223594,-0.004280786868945148,0.5094339622641509,438614.8761360003,831904.7844009999,0.016118763491584007,0.02024014750557603,9,False,False
720,Decile 10 (highest),424,0.021727805294712462,0.02643969069454471,-0.008048249414901,0.5070754716981132,832251.2136810008,172972056.63332495,0.019211116512594863,0.02424449407683006,10,False,True
780,Decile 1 (lowest),411,0.011723651918626479,0.018987843959311627,-0.0026973828578368522,0.6228710462287105,88437.42444700007,98655.67740600005,0.009887913426095768,0.01355939041115719,7,False,False
780,Decile 2,410,0.009952409799566648,0.018282070895550742,-0.0028230541302077953,0.5878048780487805,98677.79200199986,109252.61061299988,0.008182751033431657,0.011722068565701639,5,False,False
780,Decile 3,411,0.008934739706991232,0.015221004064206473,0.0012171213059898004,0.6958637469586375,109260.65065399976,122457.71500600011,0.00746317805336138,0.010406301360621083,2,False,False
780,Decile 4,410,0.009544354838985806,0.01913592308271494,-0.00015165094061695423,0.7268292682926829,122535.02805799992,139202.78667299985,0.007692045315361061,0.01139666436261055,4,False,False
780,Decile 5,411,0.007905633507272643,0.015543932441234934,0.0007223686890955878,0.7274939172749392,139223.44199499948,161654.65302799968,0.006402851244640951,0.009408415769904335,1,True,False
780,Decile 6,410,0.009304514243530872,0.016717852926577587,-0.0007509222027227635,0.7121951219512195,161699.7113899996,197819.1793090006,0.0076862678669853395,0.010922760620076405,3,False,False
780,Decile 7,410,0.010603052410308728,0.01794172919381044,-0.0006860109504335435,0.697560975609756,198024.65649500024,274563.17174700013,0.00886633787020847,0.012339766950408986,6,False,False
780,Decile 8,411,0.015078839939208494,0.022370256134649765,-0.002271375759581424,0.6204379562043796,274615.73146899947,456201.4541629996,0.012916090952954627,0.01724158892546236,8,False,False
780,Decile 9,410,0.018813513133017917,0.02323664169437316,-0.0034440724077929733,0.5682926829268292,456573.6833619997,865917.6856070015,0.01656426429764704,0.021062761968388792,9,False,False
780,Decile 10 (highest),411,0.021815834517939753,0.02758402918676367,-0.005502747535751466,0.5912408759124088,866068.6099170005,172972056.63332495,0.019149019672307935,0.02448264936357157,10,False,True
840,Decile 1 (lowest),396,0.010782189212407794,0.02015534763180644,-0.004713452653581187,0.6111111111111112,88437.42444700007,98856.11014199998,0.008797014330541048,0.01276736409427454,7,False,False
840,Decile 2,396,0.010229353551734498,0.020128630517352728,-0.005645671118996816,0.5681818181818182,98898.36649399994,110092.96475399996,0.00824681013748113,0.012211896965987868,5,False,False
840,Decile 3,396,0.008679256741333108,0.01637399324748165,-0.0017760076066220445,0.6818181818181818,110093.95278400031,124101.774274,0.007066521466082339,0.010291992016583876,3,False,False
840,Decile 4,395,0.008380984360014613,0.019032303825100547,-0.002938763100269093,0.7113924050632912,124133.521961,141563.63517099977,0.006504050861004893,0.010257917859024333,2,False,False
840,Decile 5,396,0.007303888974110626,0.017516408485714754,-0.002819231327386611,0.6994949494949495,141644.2596690001,165236.29622600003,0.005578632988374899,0.009029144959846353,1,True,False
840,Decile 6,396,0.009123434964656934,0.01843560542171594,-0.0028868566680704984,0.6843434343434344,165289.25444799982,203022.50008399977,0.0073076438662467505,0.010939226063067117,4,False,False
840,Decile 7,395,0.010720876725749569,0.018213296623632344,-0.0029564482178139812,0.6430379746835443,203115.647382,286890.2253650003,0.008924712326817925,0.012517041124681213,6,False,False
840,Decile 8,396,0.016834589321927447,0.022963047269128293,-0.00262976186403613,0.5681818181818182,287042.5274590001,471131.89679199824,0.014572873697739692,0.0190963049461152,8,False,False
840,Decile 9,396,0.02049472198293782,0.02469409751084507,-0.0055886092611515245,0.5050505050505051,471793.413623,906728.6081650036,0.018062508805352248,0.02292693516052339,10,False,True
840,Decile 10 (highest),396,0.02041402415385457,0.02504486149357846,-0.005807559826814648,0.553030303030303,907443.8153769994,172972056.63332495,0.017947262931714957,0.022880785375994184,9,False,False
900,Decile 1 (lowest),382,0.011615558735769384,0.020549819614837962,-0.0064893220683514535,0.5890052356020943,88437.42444700007,99264.73892299952,0.009554775067445355,0.013676342404093414,7,False,False
900,Decile 2,382,0.010473791986705927,0.019731202579164463,-0.0073144470062639615,0.5471204188481675,99273.236487,110450.04918999996,0.00849510113716799,0.012452482836243863,5,False,False
900,Decile 3,381,0.00785053229110197,0.01530112838852755,-0.003132900845617409,0.6666666666666666,110526.95516499988,125220.07910199992,0.006314087205162647,0.009386977377041292,3,False,False
900,Decile 4,382,0.007841817784433842,0.01771098733703427,-0.0025630136039730086,0.7120418848167539,125238.31856700036,144070.52686999956,0.006065718814314404,0.00961791675455328,2,False,False
900,Decile 5,381,0.0073457320094960105,0.01653047345705466,-0.003540482248883037,0.6771653543307087,144078.13384399982,168660.530161,0.005685843662282022,0.009005620356709999,1,True,False
900,Decile 6,382,0.009308277247165814,0.017500056830362445,-0.0034210103794766475,0.6780104712041884,168798.23919400008,208528.672651,0.007553330878453483,0.011063223615878144,4,False,False
900,Decile 7,381,0.011412821272261344,0.018518157982033222,-0.002722613790724298,0.6299212598425197,208626.10884100007,298180.29561499966,0.009553341885533514,0.013272300658989173,6,False,False
900,Decile 8,382,0.015878893549408045,0.020230829171737116,-0.0024748388430592743,0.581151832460733,298364.1806650002,485937.6633590004,0.013850098984045241,0.01790768811477085,8,False,False
900,Decile 9,381,0.019970005940600048,0.022396103043695405,-0.004574468831874572,0.5065616797900262,486348.7467639999,934723.1452180012,0.017721127191796356,0.02221888468940374,10,False,True
900,Decile 10 (highest),382,0.017280226810120265,0.019723287400940932,-0.003864992606166696,0.5523560209424084,938382.735690989,172972056.63332495,0.015302329713049291,0.01925812390719124,9,False,False
960,Decile 1 (lowest),367,0.015037140576307569,0.020133590482427806,-0.008935003972663294,0.2098092643051771,88437.42444700007,99714.21235099983,0.012977249434315068,0.01709703171830007,7,False,False
960,Decile 2,367,0.013250574830205919,0.018428090808868276,-0.009668544920559352,0.19618528610354224,99738.655973,110991.38481200006,0.01136517535045829,0.015135974309953547,5,False,False
960,Decile 3,366,0.011426632442298726,0.01664437271006168,-0.005124724020838886,0.273224043715847,111071.03035499997,126509.56250599957,0.009721402456841569,0.013131862427755884,2,False,False
960,Decile 4,367,0.012149260933175175,0.01951978340970438,-0.00840773042253463,0.1989100817438692,126623.28856699952,146180.7330809999,0.010152169109222784,0.014146352757127565,3,False,False
960,Decile 5,367,0.009719454908692509,0.01402328399792779,-0.0066384676877261645,0.22615803814713897,146200.36902600006,172606.0023400006,0.008284716355020816,0.011154193462364202,1,True,False
960,Decile 6,366,0.013122445041251613,0.020128682149842637,-0.005418984433365301,0.3743169398907104,172631.13869899965,215462.707338,0.011060244622674187,0.01518464545982904,4,False,False
960,Decile 7,367,0.013745259809333239,0.019282259332993802,-0.002595309377044902,0.46866485013623976,215644.1324380001,311484.59004499967,0.011772469350904952,0.015718050267761526,6,False,False
960,Decile 8,366,0.016938869991575012,0.021411140025872997,-0.0035151761481983473,0.5273224043715847,311633.0053329989,498804.63764299935,0.0147452806847897,0.019132459298360324,8,False,False
960,Decile 9,367,0.020404195347405035,0.021157099107086064,-0.0033208277158783945,0.48501362397820164,499514.7620470004,964000.3358499992,0.018239587843394217,0.022568802851415853,10,False,True
960,Decile 10 (highest),367,0.019078667968122385,0.02255814045430929,-0.005357680578036567,0.5449591280653951,965800.9519230044,172972056.63332495,0.016770718288595023,0.021386617647649746,9,False,False
1020,Decile 1 (lowest),353,0.012425970570042466,0.018883369238105383,-0.006813480442411552,0.23229461756373937,88437.42444700007,99943.22813499992,0.010456052318952984,0.014395888821131948,6,False,False
1020,Decile 2,353,0.00988485570511529,0.016403167497518644,-0.006030336722445154,0.2237960339943343,99978.315203,111450.5453949999,0.008173672778933109,0.011596038631297472,4,False,False
1020,Decile 3,353,0.009772922886754668,0.016534080747736515,-0.004233001068750793,0.2804532577903683,111472.701119,127743.1595229999,0.008048083054452511,0.011497762719056824,3,False,False
1020,Decile 4,353,0.008314105158205859,0.01508285869010743,-0.003985230377061178,0.26062322946175637,127758.48390799983,148390.46444100002,0.006740657208446481,0.009887553107965236,1,True,False
1020,Decile 5,353,0.008374688489476168,0.014697838820209886,-0.004630034097893042,0.26628895184135976,148436.62700899993,177827.79291299998,0.00684140591800176,0.009907971060950576,2,False,False
1020,Decile 6,352,0.010428422851650972,0.0170623917168738,-0.0027921475727876437,0.3835227272727273,177944.47075699986,222386.4090579994,0.008645942924629984,0.01221090277867196,5,False,False
1020,Decile 7,353,0.013534197092462032,0.018377907661064397,-0.0017188078552338004,0.5240793201133145,222508.44198099984,330222.0496070012,0.011617008731535807,0.015451385453388257,7,False,False
1020,Decile 8,353,0.015282593650391956,0.017568759877139718,-0.0018219499398447595,0.5495750708215298,330416.66942199995,518960.1745109992,0.013449815807910995,0.017115371492872917,8,False,False
1020,Decile 9,353,0.019785173240078977,0.02040149789019046,-0.004438903897650432,0.49291784702549574,519329.3567269989,997433.0805379984,0.017656883392187298,0.021913463087970656,10,False,True
1020,Decile 10 (highest),353,0.019325164389119857,0.020882024990460917,-0.006085094279668938,0.56657223796034,998161.4390240014,172972056.63332495,0.017146745822511196,0.021503582955728517,9,False,False
1080,Decile 1 (lowest),337,0.011702372171159383,0.018916917220763083,-0.006061838877343987,0.2522255192878338,88437.42444700007,100161.78948299968,0.009682650690949549,0.013722093651369217,6,False,False
1080,Decile 2,337,0.010876035747419483,0.018181386884194135,-0.007148812322830085,0.2522255192878338,100206.96534400004,112238.82662699986,0.008934845372610042,0.012817226122228924,5,False,False
1080,Decile 3,336,0.0101326550695962,0.016986553087649917,-0.0027720004991234927,0.33630952380952384,112273.44149799996,129057.17516899983,0.008316337878783563,0.011948972260408836,3,False,False
1080,Decile 4,337,0.00812919349959306,0.016139948447280283,-0.003204492991560613,0.29673590504451036,129060.75416600004,150643.036268,0.006405963430548205,0.009852423568637914,1,True,False
1080,Decile 5,337,0.009336543730364855,0.016668159763106153,-0.0034744794718354387,0.3353115727002967,150735.5276070001,183719.6051120001,0.007556917593809991,0.011116169866919717,2,False,False
1080,Decile 6,336,0.010582261743116606,0.01716579453058457,-0.00343892478512366,0.41964285714285715,183987.38585500003,231160.31933099983,0.008746778844439142,0.012417744641794069,4,False,False
1080,Decile 7,337,0.012944289999383579,0.017942565483711426,-0.001429097871057611,0.543026706231454,231228.13400699996,346798.0123010005,0.011028598108648452,0.014859981890118706,7,False,False
1080,Decile 8,336,0.01570986173412979,0.018961669133821153,-0.0011363016938970422,0.6011904761904762,347983.972948001,545378.3413849986,0.01368235177159945,0.01773737169666013,8,False,False
1080,Decile 9,337,0.018248120947327907,0.019650045556721774,-0.0018445212283735829,0.5370919881305638,545638.9248109999,1024695.3629609996,0.016150124818526755,0.02034611707612906,10,False,True
1080,Decile 10 (highest),337,0.017429731542459397,0.01975823723563526,-0.004376317282528501,0.5519287833827893,1030968.813819998,172972056.63332495,0.015320184004127222,0.019539279080791574,9,False,False
1140,Decile 1 (lowest),320,0.012001107815276284,0.018346681544378865,-0.0044125779700911714,0.521875,88437.42444700007,100730.08730199993,0.00999091088763246,0.01401130474292011,6,False,False
1140,Decile 2,320,0.010284016788811605,0.016656021066090806,-0.00549325104023555,0.45,100753.11863600004,113451.87655099992,0.008459061017227675,0.012108972560395535,2,False,False
1140,Decile 3,319,0.010972779394608072,0.016913800550469642,-0.0012786214730285427,0.6018808777429467,113511.0017309999,131011.21932400035,0.009116676983646316,0.012828881805569828,4,False,False
1140,Decile 4,320,0.008451119777312863,0.013926639155784038,-0.0009170361494839796,0.603125,131020.69783299998,154464.6183749999,0.006925215096641137,0.009977024457984589,1,True,False
1140,Decile 5,320,0.010427471631273557,0.01741445781901184,-0.0024110661425534707,0.578125,154590.0351569999,190674.65019799996,0.00851941596901751,0.012335527293529604,3,False,False
1140,Decile 6,319,0.011611897609991807,0.01803256883065863,-0.0013577799832771241,0.6018808777429467,190683.47421399923,245128.58646799976,0.009633022762641786,0.013590772457341827,5,False,False
1140,Decile 7,320,0.013270694295285667,0.017127353101637176,0.0006484698129849142,0.571875,245519.6794720014,366418.3787380036,0.01139409593060044,0.015147292659970894,7,False,False
1140,Decile 8,319,0.014718910821687683,0.01743953780818941,-0.0013112775381909367,0.5141065830721003,366742.7834710001,561181.2219559998,0.012805114565473685,0.01663270707790168,8,False,False
1140,Decile 9,320,0.018445100180608142,0.020122490380960943,-0.002076083689183477,0.503125,561334.3602440008,1062565.7399529952,0.01624033261855584,0.020649867742660442,10,False,True
1140,Decile 10 (highest),320,0.01819691314307627,0.019750289760968258,-0.0038468623237987018,0.546875,1068043.630158009,172972056.63332495,0.01603292660951496,0.020360899676637585,9,False,False
1200,Decile 1 (lowest),307,0.012549143999663042,0.02094669365459944,-0.007431398104697632,0.250814332247557,88437.42444700007,101343.18647099998,0.010205981734140154,0.01489230626518593,7,False,False
1200,Decile 2,307,0.00913981052585309,0.016176931750105573,-0.0044794983436792935,0.30944625407166126,101367.85233500002,114915.34974999988,0.0073302086538906686,0.010949412397815512,4,False,False
1200,Decile 3,306,0.009135590770129303,0.015092087667199423,-0.0035989302240960193,0.3300653594771242,114916.27953199942,133070.08029499953,0.007444586604705317,0.01082659493555329,3,False,False
1200,Decile 4,307,0.007838637527695487,0.013786975656735466,-0.0026372152659633464,0.30293159609120524,133113.12432399995,158587.871121,0.00629638357357554,0.009380891481815434,1,True,False
1200,Decile 5,306,0.008766677678380241,0.016471080144745947,-0.002466898025281514,0.4150326797385621,158655.4735619994,195695.21297699987,0.006921163277192946,0.010612192079567538,2,False,False
1200,Decile 6,307,0.009832975035482899,0.01647067793430109,-0.0015590469635359495,0.46579804560260585,195853.75948,260353.89700200027,0.00799051380223903,0.011675436268726767,5,False,False
1200,Decile 7,306,0.01170728969030609,0.015599334402071617,0.00026110305008980307,0.5849673202614379,260892.34275999985,383639.6155919996,0.009959450687947593,0.013455128692664586,6,False,False
1200,Decile 8,307,0.01318043530459182,0.0167210033448233,-0.001807723824050045,0.5276872964169381,384157.2217119999,593886.3446700007,0.011309971892784158,0.015050898716399481,8,False,False
1200,Decile 9,306,0.01431195576406156,0.018174992508078237,0.00011727125186855707,0.5490196078431373,595213.9146920006,1108948.3309959995,0.012275525237322298,0.016348386290800824,9,False,False
1200,Decile 10 (highest),307,0.01661432979055876,0.020483284696059936,-0.0021490884820794627,0.6221498371335505,1115636.4387210016,172972056.63332495,0.014323005891656401,0.01890565368946112,10,False,True
1260,Decile 1 (lowest),291,0.014704655834305474,0.023093454047872854,-0.008281718158871845,0.43986254295532645,88455.09488600004,101996.54394300006,0.012051281821645117,0.01735802984696583,7,False,False
1260,Decile 2,290,0.01147174865421371,0.01792744292536728,-0.003088102791459133,0.4689655172413793,102169.31439299996,116714.41822499994,0.009408386688099298,0.013535110620328122,4,False,False
1260,Decile 3,290,0.010248148606201355,0.01615628475277343,-0.002402279336263686,0.5551724137931034,116732.31321499986,136511.50775899977,0.008388638378704485,0.012107658833698225,2,False,False
1260,Decile 4,290,0.009521325489643271,0.01599245311235484,-0.0010812845428036552,0.5620689655172414,136531.62218199996,165584.37020899958,0.007680671491509011,0.011361979487777531,1,True,False
1260,Decile 5,291,0.011436420137963109,0.019255782489487526,-0.0024870901311887204,0.5773195876288659,165621.25935699994,206281.55210800003,0.009223983975528035,0.013648856300398183,3,False,False
1260,Decile 6,290,0.012869027031354077,0.019534919926580997,-0.0006020324282339575,0.6103448275862069,206416.99289,282754.3544209999,0.010620652237726224,0.01511740182498193,5,False,False
1260,Decile 7,290,0.014153041983590426,0.018702509290018317,0.0005819656473434232,0.5827586206896552,282809.9795739994,407249.9615099989,0.0120004736278814,0.01630561033929945,6,False,False
1260,Decile 8,290,0.015143721827253934,0.01740227464111989,-0.0013101117948483099,0.506896551724138,407849.2160309999,615805.7093489997,0.013140804190430472,0.017146639464077396,8,False,False
1260,Decile 9,290,0.018046579563748957,0.021671870129585477,-0.0008568077411952708,0.5655172413793104,616428.8754710009,1175532.5408279994,0.01555225213813025,0.020540906989367665,9,False,False
1260,Decile 10 (highest),291,0.019179536471593796,0.022795822763203404,-0.0033016062585180406,0.5945017182130584,1178213.1080590042,172972056.63332495,0.016560359470539392,0.0217987134726482,10,False,True
1320,Decile 1 (lowest),274,0.01876869803743996,0.025132337657327183,-0.006925279988193633,0.6058394160583942,88455.09488600004,102950.94269099964,0.015792829952018195,0.021744566122861728,8,False,False
1320,Decile 2,274,0.015596866549154266,0.020360198601492473,-0.00095865902586515,0.6678832116788321,103103.44688299995,118704.9791390002,0.013186057572402918,0.018007675525905615,5,False,False
1320,Decile 3,274,0.015021535611771632,0.020239318204328303,-0.0012763848877360032,0.6861313868613139,118725.99328200004,140878.46647599956,0.012625039832661455,0.01741803139088181,3,False,False
1320,Decile 4,274,0.012822061140943133,0.020316128691453075,0.00011608317332827802,0.6934306569343066,141117.36620899985,174039.306826,0.010416470391027737,0.01522765189085853,1,True,False
1320,Decile 5,274,0.014039960381682695,0.019705848552496852,-0.0005887448074193627,0.6532846715328468,174151.44685899984,217181.03833800013,0.011706631639919855,0.016373289123445534,2,False,False
1320,Decile 6,273,0.015738095322732383,0.02172025034234174,0.0008013367224340855,0.652014652014652,217314.85311600007,298937.6205909996,0.01316153939209812,0.01831465125336665,6,False,False
1320,Decile 7,274,0.01533319958700126,0.021603362294011594,0.002053629236187122,0.6204379562043796,299054.2810999999,431676.77183500014,0.012775190170403674,0.017891209003598845,4,False,False
1320,Decile 8,274,0.017140010879586186,0.01978903155980238,0.0005137323950963795,0.5693430656934306,435044.4148430007,638999.2333170004,0.014796832610092774,0.019483189149079597,7,False,False
1320,Decile 9,274,0.019151408424205412,0.02285896557670642,-0.0005553881440074881,0.551094890510949,639616.7014189996,1245529.4588359972,0.016444725621635195,0.02185809122677563,9,False,False
1320,Decile 10 (highest),274,0.020628492994810742,0.024255727563858232,-0.0026536774595087237,0.583941605839416,1246968.1370780035,172972056.63332495,0.01775642249623034,0.023500563493391146,10,False,True
1380,Decile 1 (lowest),259,0.020185021405355975,0.030402721392810392,-0.010363720109971683,0.4247104247104247,88455.09488600004,103351.68603699988,0.016482320357336523,0.023887722453375428,9,False,False
1380,Decile 2,259,0.013812595200430803,0.020303153327541464,-0.0016479057744368333,0.42857142857142855,103359.90955299992,119961.51766699998,0.011339905136515501,0.016285285264346104,2,False,False
1380,Decile 3,259,0.014600025576660798,0.02346369531340921,-0.004029935852008262,0.47876447876447875,119988.39918199983,145835.75235699982,0.011742417926843158,0.01745763322647844,5,False,False
1380,Decile 4,259,0.011806507511153278,0.021522590589851415,-0.002595798811398201,0.4864864864864865,145894.59369400007,180594.71097299995,0.00918530404375638,0.014427710978550176,1,True,False
1380,Decile 5,259,0.014124803716414969,0.021745235253569726,-0.0012190819340772096,0.5675675675675675,180748.01844099967,226083.7662649997,0.011476484695149242,0.016773122737680696,4,False,False
1380,Decile 6,258,0.013823438499846014,0.019811868471515833,0.0018885642414026439,0.6124031007751938,226482.368874,317132.59333899955,0.011405909711332625,0.016240967288359404,3,False,False
1380,Decile 7,259,0.01629699303393706,0.021835623348569255,0.002877212510971162,0.6447876447876448,317147.45169600216,457209.5027430001,0.01363766578450126,0.018956320283372862,6,False,False
1380,Decile 8,259,0.017643388846492348,0.022082740697201262,0.0013809907513076098,0.5637065637065637,457408.4116930007,678267.2156190004,0.014953965552234064,0.020332812140750632,7,False,False
1380,Decile 9,259,0.01792324273662445,0.02166888045558915,0.0005689304983568643,0.5907335907335908,678920.5652060003,1314839.9299950132,0.01528422284969776,0.020562262623551143,8,False,False
1380,Decile 10 (highest),259,0.020377108088814218,0.02518183716613186,-0.0012303421446965748,0.6254826254826255,1322144.0422320005,172972056.63332495,0.01731025056440388,0.023443965613224555,10,False,True
1440,Decile 1 (lowest),253,0.020156600094411184,0.025747349330631865,-0.006930680306204165,0.5810276679841897,88455.09488600004,103517.3028609999,0.016983905006733364,0.023329295182089003,9,False,False
1440,Decile 2,253,0.016836702137874863,0.018169285742284904,0.0013567767893671436,0.6403162055335968,103580.85665800002,120819.034252,0.014597807450856325,0.0190755968248934,6,False,False
1440,Decile 3,253,0.015966163873449925,0.020060723558031526,-0.00041209573210319644,0.6363636363636364,120966.43701399984,147390.08722399952,0.0134941983802056,0.018438129366694252,4,False,False
1440,Decile 4,253,0.014508440036234943,0.019471137787488227,0.0005254493450383636,0.6482213438735178,147424.56773099993,183660.68329100028,0.012109125745021035,0.01690775432744885,2,False,False
1440,Decile 5,253,0.015790482382346833,0.0206290237997589,-0.0003002745662480986,0.6561264822134387,183719.6051120001,230943.20840799948,0.013248488578145097,0.01833247618654857,3,False,False
1440,Decile 6,253,0.014372878726334722,0.017775042837113727,0.0025739594700958735,0.6363636363636364,231160.31933099983,327061.4162739998,0.012182564283928018,0.016563193168741427,1,True,False
1440,Decile 7,253,0.016107868982032186,0.018084966594690707,0.003544588198402488,0.6600790513833992,327554.0413129995,463580.8147129996,0.013879364449818866,0.018336373514245503,5,False,False
1440,Decile 8,253,0.019096819136750983,0.021937762968316146,-0.0002879980362999978,0.5612648221343873,464669.3145519999,688512.8948520003,0.016393557068472325,0.02180008120502964,8,False,False
1440,Decile 9,253,0.017257209590910205,0.020644350018939984,-0.0005094802285047929,0.5731225296442688,688858.3801080011,1337359.6471750005,0.014713327226465468,0.01980109195535494,7,False,False
1440,Decile 10 (highest),253,0.02031135390433088,0.025107364944543815,-0.0030543160797885647,0.6007905138339921,1341712.0236740003,172972056.63332495,0.017217520344954784,0.023405187463706973,10,False,True
2880,Decile 1 (lowest),221,0.02176540951856568,0.023780588509039306,-0.007881147172338676,0.49321266968325794,88455.09488600004,105116.76103999995,0.018630084755176274,0.024900734281955085,8,False,False
2880,Decile 2,220,0.02115061050546061,0.024244769560182802,-0.0030133698742172378,0.5363636363636364,105157.96925899996,126301.08700899997,0.017946829726086674,0.024354391284834548,7,False,False
2880,Decile 3,220,0.017925774513753476,0.022235958970713388,-0.0016233880950208728,0.5454545454545454,126705.65711600012,158717.9457750001,0.014987444339713997,0.020864104687792956,4,False,False
2880,Decile 4,220,0.016088199898678136,0.02227097303351727,-0.004787487239814261,0.55,158918.1569610001,200062.343618,0.013145242855278632,0.01903115694207764,1,True,False
2880,Decile 5,220,0.017064444685422227,0.02113404072170246,0.0008909170259930991,0.5909090909090909,200112.51560799984,266340.3086909999,0.014271725485240814,0.019857163885603643,2,False,False
2880,Decile 6,220,0.017330826897846405,0.0221982812090021,-0.0023687255816664432,0.5454545454545454,266695.9100119999,364755.61965099984,0.014397475582792606,0.020264178212900205,3,False,False
2880,Decile 7,220,0.018909032438924663,0.022385356542384348,-0.004028524681433285,0.5363636363636364,364800.4368820004,502353.3550190001,0.015950960395719697,0.02186710448212963,5,False,False
2880,Decile 8,220,0.022961196836783923,0.021309111248576415,0.0018460425949793746,0.55,503363.2772920002,756234.2924060001,0.02014534326167511,0.025777050411892734,10,False,True
2880,Decile 9,220,0.020819759001054254,0.021447488832017195,-0.001191402714167576,0.5590909090909091,757753.7393700011,1406962.104996007,0.017985619772991582,0.023653898229116926,6,False,False
2880,Decile 10 (highest),221,0.022475361740394707,0.024788576489609474,-0.0017627148893066432,0.5610859728506787,1407483.3874919969,172972056.63332495,0.019207139943129153,0.02574358353766026,9,False,False
