horizon_min,volume_bucket,n,mae,mean_staleness_min,median_staleness_min,p90_staleness_min,mean_volatility_std,mean_volatility_range,mean_horizon_count_used,decile_volume_min,decile_volume_max
10,Decile 1 (lowest),643,0.44061119751166405,137.70520995334368,9.366666666666667,19.183333333333334,0.008704165573641247,0.030625194401244168,16.398133748055987,88431.65343399995,97653.01383199994
10,Decile 2,642,0.4467336448598131,205.63753894081,9.383333333333333,19.166666666666668,0.00482207118205169,0.016252336448598134,16.021806853582554,97666.63496399978,106881.43025299977
10,Decile 3,643,0.4398654743390358,271.81047174701916,9.366666666666667,19.15,0.00783480978489872,0.027057542768273716,16.157076205287712,106926.299194,117080.93029499936
10,Decile 4,642,0.44721028037383176,301.9201194184839,9.35,19.064999999999998,0.004216054687834814,0.015290498442367604,15.403426791277258,117083.72990699932,129212.42595099966
10,Decile 5,643,0.4483864696734059,267.7739761534474,9.383333333333333,19.116666666666667,0.004750145861767871,0.01632270606531882,15.345256609642302,129249.27908200015,144108.27398100015
10,Decile 6,642,0.43491121495327106,368.9414070612669,9.383333333333333,19.133333333333333,0.003920039929691414,0.01357165109034268,16.462616822429908,144108.9833449998,163933.04739499989
10,Decile 7,642,0.40822352024922115,598.9431983385255,9.4,29.066666666666663,0.008067781851089998,0.027216510903426794,17.82398753894081,164018.97364100002,199565.025801
10,Decile 8,643,0.3372628304821151,879.1326334888544,9.383333333333333,3385.540000000022,0.012340585935899427,0.04304121306376361,20.66407465007776,199565.16298600027,300275.0529909999
10,Decile 9,642,0.2829330218068536,943.0250000000001,9.4,3989.395,0.022617270033416344,0.07871573208722743,23.786604361370717,300653.0830789996,621381.3452940036
10,Decile 10 (highest),643,0.28355676516329703,634.8828926905132,9.366666666666667,47.06333333333402,0.018138880462915993,0.06682737169517886,24.86936236391913,621410.6510470011,172972056.63332495
30,Decile 1 (lowest),638,0.44041144200626964,136.8882183908046,9.333333333333334,19.08333333333333,0.008777480429612815,0.030880877742946712,16.5846394984326,88431.65343399995,97692.75465599968
30,Decile 2,637,0.4465682888540031,205.42148090005233,9.333333333333334,19.05,0.004854812635220615,0.01636420722135008,16.102040816326532,97693.54966299963,106962.44326299951
30,Decile 3,637,0.4396405023547881,272.6422815279958,9.333333333333334,19.073333333333327,0.007992738327994641,0.027559654631083206,16.406593406593405,106962.87608500004,117188.87945699958
30,Decile 4,637,0.44691915227629514,303.2653584510727,9.35,19.066666666666663,0.004224199954191818,0.015335949764521196,15.71585557299843,117215.51321599974,129517.04550800002
30,Decile 5,638,0.44778840125391856,268.54644723092997,9.333333333333334,19.03333333333333,0.00473524226873552,0.01629780564263323,15.296238244514107,129517.13647500006,144386.88338500028
30,Decile 6,637,0.4331742543171115,382.2124803767661,9.366666666666667,19.066666666666663,0.003951272220913278,0.013676609105180534,16.67032967032967,144427.56546799996,164262.091244
30,Decile 7,637,0.4079230769230769,616.817216117216,9.366666666666667,19.106666666666666,0.008188255409428625,0.027561224489795918,17.932496075353217,164286.5742180004,200257.3924129998
30,Decile 8,637,0.3367331240188383,857.2174777603349,9.35,3055.326666666665,0.01245141670082896,0.04347802197802198,20.794348508634222,200313.79869700025,303121.2360809998
30,Decile 9,637,0.28157142857142853,948.3983254840397,9.366666666666667,3969.4,0.02308627246877146,0.08054788069073784,23.98901098901099,303187.61149400024,625282.5868629998
30,Decile 10 (highest),638,0.2827296238244514,635.4113897596657,9.341666666666667,29.066666666666663,0.01793093742128613,0.06595846394984327,24.852664576802507,626396.9356580008,172972056.63332495
60,Decile 1 (lowest),626,0.440952875399361,137.03439829605963,9.316666666666666,9.533333333333331,0.008772809047685818,0.03112140575079872,16.803514376996805,88431.65343399995,97666.63496399978
60,Decile 2,625,0.4453544,207.7036,9.333333333333334,9.533333333333331,0.004899537240756171,0.016904000000000002,16.6224,97667.37895899997,107043.68658100002
60,Decile 3,625,0.43875119999999995,276.21992,9.333333333333334,9.566666666666666,0.007699893181339464,0.026879200000000002,16.664,107062.09093099996,117377.38891199988
60,Decile 4,625,0.4430896,307.00856,9.333333333333334,9.583333333333334,0.004401491130023627,0.0158888,16.2496,117387.82122199988,129864.88060300011
60,Decile 5,625,0.4484736,272.63677333333334,9.35,9.576666666666668,0.004459644664126929,0.015855200000000003,15.4864,129872.20044400053,144884.9410450001
60,Decile 6,625,0.43354,387.47983999999997,9.366666666666667,9.616666666666667,0.0038295713962245566,0.0135184,16.92,144919.3250659999,165098.11831699984
60,Decile 7,625,0.4034232,635.82312,9.366666666666667,19.016666666666666,0.008438848425881128,0.028514400000000002,18.2496,165167.9320930001,201218.72861199972
60,Decile 8,625,0.3306048,894.9109333333334,9.366666666666667,5423.14666666669,0.01287597246017173,0.0451144,21.2704,201228.2900600001,305409.8481860004
60,Decile 9,625,0.2818728,939.2388800000001,9.383333333333333,3939.38,0.02334375034680152,0.0820656,24.1552,305508.47823799966,630465.2449630004
60,Decile 10 (highest),625,0.2834504,634.2874933333334,9.35,39.083333333333336,0.017914281760158125,0.0655336,25.136,630750.8434499997,172972056.63332495
120,Decile 1 (lowest),612,0.439108660130719,138.71307189542483,9.316666666666666,9.616666666666667,0.009021173292167846,0.03198611111111111,17.248366013071895,88431.65343399995,97705.75495699992
120,Decile 2,611,0.44327905073649754,210.5030278232406,9.333333333333334,9.566666666666666,0.0049417821896206495,0.01745253682487725,17.14075286415712,97712.46970499997,107219.90099199997
120,Decile 3,611,0.43976268412438624,279.86331151118384,9.35,9.9,0.0077549064658415994,0.026851063829787237,16.99509001636661,107227.22746799998,117685.4305099999
120,Decile 4,611,0.4412954173486089,339.04705400982,9.35,9.65,0.004472877464806156,0.016160392798690672,16.564648117839607,117698.2853379992,130343.87419999971
120,Decile 5,612,0.4466486928104575,272.2242374727669,9.358333333333334,9.615,0.004460059702526257,0.01606372549019608,15.893790849673202,130366.07885399937,145390.25832999995
120,Decile 6,611,0.4326006546644845,369.0704582651391,9.383333333333333,9.616666666666667,0.004093781811156237,0.014490998363338791,17.355155482815057,145438.78667699988,165995.83546399983
120,Decile 7,611,0.3980327332242226,658.4060283687943,9.4,19.15,0.00846721606357287,0.028644026186579376,18.50900163666121,166005.95907200046,202204.40109799893
120,Decile 8,611,0.3248117839607201,934.1882433169668,9.366666666666667,6109.083333333333,0.01304617028388304,0.04594108019639934,21.72176759410802,202226.31045900003,309488.0174829995
120,Decile 9,611,0.28440589198036004,926.2798417894162,9.383333333333333,3879.35,0.02364645824839902,0.08341571194762686,24.2569558101473,310193.8803590002,635161.605063
120,Decile 10 (highest),612,0.2842990196078431,627.3619281045752,9.383333333333333,19.19833333333333,0.018136926717875326,0.06635702614379085,25.423202614379086,635706.7937249998,172972056.63332495
180,Decile 1 (lowest),593,0.4383364249578415,141.48799887577292,9.3,9.6,0.008993140176466845,0.032201517706576734,17.87858347386172,88431.65343399995,97834.59638100016
180,Decile 2,593,0.4410548060708263,214.89072512647553,9.316666666666666,9.583333333333334,0.005094139907966967,0.0179822934232715,17.524451939291737,97851.865916,107299.28898200011
180,Decile 3,593,0.43611804384485664,285.6035975267004,9.3,9.6,0.008017486602173635,0.027910623946037102,17.458684654300168,107303.22120899972,117806.81967100003
180,Decile 4,592,0.43810472972972975,346.94853603603605,9.316666666666666,9.616666666666667,0.004336140815864931,0.0157820945945946,16.96283783783784,117842.65623699996,130479.14139500004
180,Decile 5,593,0.44288870151770654,301.95056211354694,9.35,9.6,0.004859021302744393,0.017812816188870154,16.502529510961214,130484.53161500009,145985.3947259998
180,Decile 6,593,0.4350564924114671,353.6441821247892,9.35,9.633333333333333,0.0036133550882081226,0.012918212478920743,17.4822934232715,146033.64603099987,166571.51606299993
180,Decile 7,592,0.3955118243243243,687.2088963963964,9.383333333333333,19.1,0.008633258144462648,0.029179054054054056,19.006756756756758,166656.53974500007,203028.0023289996
180,Decile 8,593,0.32147639123102867,941.8476110174255,9.333333333333334,6313.443333333356,0.012462121686112795,0.045029510961214166,22.365935919055648,203115.647382,313987.9694390004
180,Decile 9,593,0.27938785834738616,976.3725688589095,9.366666666666667,6005.360000000005,0.02418825976074989,0.08573102866779089,24.86846543001686,314110.79968599987,640212.8634249978
180,Decile 10 (highest),593,0.2864510961214165,611.2507869589657,9.366666666666667,19.113333333333337,0.018307787588136625,0.06714418212478922,25.770657672849914,641351.5254000005,172972056.63332495
240,Decile 1 (lowest),576,0.43686111111111114,144.56614583333334,9.3,9.933333333333334,0.00903162135891447,0.0325625,18.557291666666668,88431.65343399995,98095.83393799992
240,Decile 2,575,0.43910521739130437,220.08808695652175,9.333333333333334,9.643333333333334,0.005256361694114408,0.01854434782608696,18.015652173913043,98112.6661109998,107469.157088
240,Decile 3,576,0.4344296875,292.3708622685185,9.333333333333334,19.116666666666667,0.008065363049166628,0.02832725694444445,17.70138888888889,107500.71887000006,118174.29896499972
240,Decile 4,575,0.43735913043478264,354.8542608695652,9.333333333333334,19.116666666666667,0.004486907011318129,0.016196521739130436,17.471304347826088,118220.44906200006,131123.49112499962
240,Decile 5,576,0.44008680555555557,308.9546296296296,9.35,19.116666666666667,0.005122842782473291,0.01884548611111111,17.104166666666668,131166.4676169999,146863.46639900014
240,Decile 6,575,0.43289652173913046,374.69115942028986,9.35,19.080000000000002,0.003953020926583795,0.014227826086956523,18.144347826086957,146928.6267499998,168426.01631699968
240,Decile 7,575,0.3921452173913043,709.7970724637681,9.366666666666667,19.98333333333333,0.008948784332852289,0.03055826086956522,19.387826086956522,168490.08575300002,206826.5894040006
240,Decile 8,576,0.3149592013888889,964.2296585648148,9.333333333333334,6964.258333333333,0.012620980142606228,0.04581076388888889,22.651041666666668,206836.29868999988,322056.88636099995
240,Decile 9,575,0.2827182608695652,992.33,9.366666666666667,6545.166666666687,0.0243719483353727,0.08608260869565218,25.064347826086955,322484.4204630001,649054.052956999
240,Decile 10 (highest),576,0.2866553819444444,608.8891782407408,9.333333333333334,19.216666666666665,0.018512316963116126,0.06817361111111112,26.109375,649370.9538039993,172972056.63332495
300,Decile 1 (lowest),555,0.43373423423423424,148.50039039039038,9.333333333333334,9.866666666666674,0.009425251255238576,0.03395585585585586,19.18198198198198,88432.19110999956,98201.25242799985
300,Decile 2,555,0.4380207207207207,241.41372372372373,9.35,19.016666666666666,0.005176356772410583,0.018555855855855858,18.594594594594593,98214.43023500017,107639.88549599989
300,Decile 3,554,0.43466516245487363,296.2322202166065,9.35,19.05,0.00811088802360548,0.028902527075812274,18.303249097472925,107681.26591599987,118555.48548199976
300,Decile 4,555,0.43220630630630635,383.3998198198198,9.35,9.72,0.004516777562997529,0.0163963963963964,18.093693693693695,118571.02001000008,132123.4132850001
300,Decile 5,555,0.4353936936936937,313.2342042042042,9.383333333333333,9.66,0.005249161125071837,0.019374774774774776,17.823423423423424,132129.28432300003,148570.3408609997
300,Decile 6,554,0.42828339350180505,407.52358604091455,9.383333333333333,9.645,0.004711406368624345,0.016578519855595667,18.65884476534296,148583.75915899948,170618.81679699983
300,Decile 7,555,0.38906666666666667,729.2531531531531,9.4,19.633333333333333,0.008656073989131801,0.0307972972972973,20.05045045045045,170762.16654600005,210976.3050899992
300,Decile 8,554,0.30877707581227437,1018.104091456077,9.366666666666667,6960.5,0.013112509423782635,0.04713447653429603,23.072202166064983,211009.22331499984,334160.6735170003
300,Decile 9,555,0.28025045045045044,990.5164264264265,9.383333333333333,5923.136666666667,0.024742664603002177,0.0887927927927928,25.446846846846846,334617.3126600003,676484.4567290006
300,Decile 10 (highest),555,0.2859063063063063,583.6847747747747,9.366666666666667,19.110000000000003,0.017919742850347187,0.06588378378378379,26.23963963963964,677047.8996270108,172972056.63332495
360,Decile 1 (lowest),537,0.4320065176908753,151.77060831781503,9.4,13.653333333333645,0.009752271281596343,0.03514990689013036,19.620111731843576,88432.19110999956,98214.43023500017
360,Decile 2,536,0.4353544776119403,247.6703358208955,9.416666666666666,10.0,0.0055569077467253454,0.02019962686567164,19.11007462686567,98234.50994099976,107762.81570900002
360,Decile 3,537,0.4343389199255121,302.8158286778399,9.4,9.956666666666667,0.008534677298912162,0.030276536312849166,18.897579143389198,107855.96399199976,118843.30919599978
360,Decile 4,536,0.42748414179104477,450.27860696517416,9.416666666666666,9.95,0.004332319609207421,0.015619402985074627,18.65858208955224,118852.31544399985,132708.85660999993
360,Decile 5,537,0.4314450651769088,279.54891371818746,9.416666666666666,9.933333333333334,0.005612007901363838,0.020964618249534453,18.478584729981378,132732.5917869998,149354.67323999983
360,Decile 6,536,0.429910447761194,402.1407960199005,9.433333333333334,9.958333333333334,0.004764212329250267,0.01643376865671642,18.792910447761194,149359.23696399995,172527.84156999958
360,Decile 7,536,0.3731735074626865,811.3064676616915,9.466666666666669,19.25,0.009262497527136145,0.033378731343283584,21.08955223880597,172600.85523000025,216362.3741489997
360,Decile 8,537,0.30451396648044693,1087.0475791433894,9.416666666666666,7243.31,0.0139155345299972,0.05009776536312849,23.335195530726256,216374.3578990001,342148.3327320001
360,Decile 9,536,0.2815625,922.7340485074627,9.45,3209.3999999999996,0.02511182832232821,0.09008488805970151,25.73507462686567,342182.14203400014,689903.4105250001
360,Decile 10 (highest),537,0.2841312849162011,584.8283985102421,9.433333333333334,19.206666666666667,0.017887344903851705,0.06561545623836126,26.34264432029795,689942.2988790005,172972056.63332495
420,Decile 1 (lowest),517,0.43018471953578336,155.62898130238557,9.3,9.633333333333333,0.010006841624172938,0.03609574468085106,20.007736943907158,88432.19110999956,98174.77404899996
420,Decile 2,517,0.4318007736943907,254.1161831076725,9.333333333333334,9.65,0.005768428412167679,0.02098065764023211,19.607350096711798,98201.25242799985,107855.96399199976
420,Decile 3,517,0.430201160541586,311.6681173436492,9.316666666666666,9.67666666666667,0.008884601315394534,0.03161702127659574,19.516441005802708,107883.42173099988,119032.48381899927
420,Decile 4,517,0.4236934235976789,478.7356866537718,9.316666666666666,9.806666666666668,0.0043163669725247355,0.015908123791102517,19.36750483558994,119047.90504899972,133172.97355199963
420,Decile 5,517,0.4250860735009671,334.341360412637,9.316666666666666,9.64,0.005767095244860618,0.021438104448742747,19.20502901353965,133220.28559299948,150872.7827400001
420,Decile 6,516,0.4220455426356589,431.28921188630494,9.35,9.741666666666667,0.00492874457998781,0.01712403100775194,19.57170542635659,150881.8531509996,175845.64462200005
420,Decile 7,517,0.36591295938104446,833.140328820116,9.366666666666667,2065.520000000061,0.009832043559454055,0.03549903288201161,21.60154738878143,175855.30056499952,221706.31489
420,Decile 8,517,0.2995899419729207,1089.4976144422951,9.35,7183.31,0.014446755472154484,0.05193326885880078,23.783365570599614,221737.99032400048,354011.2814490003
420,Decile 9,517,0.2841402321083172,930.5195680206318,9.333333333333334,5737.446666666669,0.025695235756090864,0.09254352030947777,25.934235976789168,355074.23200400017,705993.4442159995
420,Decile 10 (highest),517,0.2811073500967118,570.740328820116,9.316666666666666,19.2,0.017726332849315633,0.06506189555125726,26.39651837524178,706428.3342010011,172972056.63332495
480,Decile 1 (lowest),496,0.42819153225806456,160.99905913978495,9.383333333333333,19.15,0.010115657692839753,0.03683770161290322,20.31451612903226,88436.76449999989,97973.076203
480,Decile 2,496,0.429585685483871,262.96932123655915,9.4,19.15833333333333,0.00606625953963923,0.021438508064516127,20.02016129032258,97973.58892599998,107620.71272500003
480,Decile 3,496,0.42648891129032257,322.93477822580644,9.416666666666666,19.208333333333332,0.008835216644128206,0.032015120967741936,20.213709677419356,107639.85415000004,119072.74089699928
480,Decile 4,496,0.41909979838709677,495.98390456989245,9.416666666666666,19.2,0.004460731517476124,0.01652318548387097,19.889112903225808,119077.92187799978,133388.9271079998
480,Decile 5,496,0.4194405241935484,346.0648185483871,9.416666666666666,19.166666666666668,0.006127098971834727,0.02303024193548387,20.12298387096774,133406.5832409998,151739.89625300004
480,Decile 6,496,0.4144233870967742,487.549563172043,9.45,19.23333333333333,0.005363748774098948,0.019395161290322583,20.296370967741936,151770.78131000008,178797.785307
480,Decile 7,496,0.3582953629032258,831.7908602150537,9.45,2184.508333333333,0.010853784312114216,0.037985887096774196,22.268145161290324,178832.62642799993,225789.6410329998
480,Decile 8,496,0.2877066532258064,1214.286760752688,9.433333333333334,7859.283333333333,0.015201944148930361,0.05460685483870968,24.493951612903224,225839.51558299983,371604.6787160001
480,Decile 9,496,0.2900262096774193,895.7651881720429,9.416666666666666,2354.3500000000004,0.024100090072049878,0.0897953629032258,26.068548387096776,371972.8935900005,728266.996192
480,Decile 10 (highest),496,0.27498790322580646,558.0293346774193,9.4,19.83333333333333,0.017340643180082466,0.06385584677419355,26.574596774193548,728990.9041820004,172972056.63332495
540,Decile 1 (lowest),477,0.4264098532494759,164.20723270440251,9.266666666666667,9.566666666666666,0.010501853838405278,0.03826310272536688,20.656184486373167,88436.76449999989,97901.84662799984
540,Decile 2,476,0.4262489495798319,270.40931372549016,9.3,9.583333333333334,0.006115063509463854,0.021877100840336137,20.418067226890756,97951.1842529999,107553.58208099988
540,Decile 3,477,0.42374528301886794,331.5164919636618,9.316666666666666,9.590000000000002,0.008912968523572333,0.032242138364779876,20.61425576519916,107561.67896599988,119011.94992199968
540,Decile 4,476,0.4154149159663866,511.8442577030812,9.316666666666666,9.6,0.004731055501784579,0.01759558823529412,20.502100840336134,119019.94076400014,133435.67547899994
540,Decile 5,477,0.41580083857442346,369.2142557651992,9.333333333333334,9.616666666666667,0.006311944410047978,0.02379035639412998,20.71698113207547,133474.2413429998,152639.3325530003
540,Decile 6,476,0.4047426470588235,506.99957983193275,9.333333333333334,9.616666666666667,0.0058689132679472485,0.022191176470588235,21.258403361344538,152770.93363999974,181389.9627229999
540,Decile 7,476,0.34762184873949575,909.8829831932773,9.358333333333334,5479.158333333333,0.011099141850345783,0.03957247899159664,23.218487394957982,181446.8560759996,232818.16084500027
540,Decile 8,477,0.27677358490566034,1262.1309573724668,9.35,7839.256666666668,0.015699860052966662,0.05608385744234801,25.0251572327044,232825.137071,386848.8922920003
540,Decile 9,476,0.2924737394957983,861.7315826330532,9.35,1829.3249999999998,0.025267521330862408,0.09397478991596639,26.15546218487395,387230.5966719997,757753.7393700011
540,Decile 10 (highest),477,0.27322955974842766,555.1135220125786,9.316666666666666,9.623333333333335,0.016464390036605433,0.06116142557651992,26.61635220125786,758169.9312949987,172972056.63332495
600,Decile 1 (lowest),458,0.4237816593886463,169.5415938864629,9.283333333333331,9.566666666666666,0.010890749833155872,0.039675764192139744,20.895196506550217,88436.76449999989,97819.92214999984
600,Decile 2,457,0.42481509846827137,261.59704595185997,9.316666666666666,9.573333333333334,0.006396258366276347,0.02291794310722101,20.919037199124727,97827.72095399996,107506.71760099976
600,Decile 3,457,0.41802735229759297,380.3570386579139,9.316666666666666,19.166666666666668,0.009131741401455815,0.03323741794310722,21.26477024070022,107552.94388200004,119144.92526099984
600,Decile 4,458,0.4120251091703057,527.1158296943231,9.316666666666666,19.155,0.005243603933517655,0.019395196506550222,21.20305676855895,119189.6457569999,134506.64061399992
600,Decile 5,457,0.4140010940919037,400.92895696571844,9.35,19.166666666666668,0.005856629831838134,0.022323851203501093,21.2253829321663,134536.9539350002,153986.34548600003
600,Decile 6,457,0.3928894967177243,539.1824945295405,9.333333333333334,19.2,0.006848979007347582,0.02630525164113786,22.03063457330416,153993.656454,184741.3646479996
600,Decile 7,458,0.32925545851528387,989.6657933042213,9.366666666666667,6708.286666666669,0.012383788099805832,0.045102620087336245,23.958515283842793,184834.75263000003,240065.83791799948
600,Decile 8,457,0.27240371991247264,1227.359445660102,9.366666666666667,7701.203333333334,0.014657806380257994,0.05193107221006565,25.474835886214443,240456.3681529996,402653.2628330002
600,Decile 9,457,0.2917964989059081,913.875893508388,9.35,3591.3933333334435,0.026073053579600748,0.09752516411378556,26.315098468271334,403416.80333800014,788007.4828729996
600,Decile 10 (highest),458,0.2751069868995633,527.9906477438137,9.316666666666666,19.205,0.015557358476587783,0.05803056768558953,26.70524017467249,788232.8774610005,172972056.63332495
660,Decile 1 (lowest),441,0.4209308390022676,173.66432350718063,9.35,9.566666666666666,0.011170461852927124,0.04089909297052154,21.392290249433106,88436.76449999989,97951.1842529999
660,Decile 2,440,0.4194863636363636,287.3045833333333,9.366666666666667,9.583333333333334,0.006865222830296352,0.02493636363636364,21.545454545454547,97954.11940599995,108016.05593499972
660,Decile 3,440,0.4090829545454545,408.13689393939393,9.383333333333333,9.616666666666667,0.009622927142740592,0.03457045454545455,21.977272727272727,108023.4889210001,120269.91764799992
660,Decile 4,440,0.4097056818181818,546.1807196969697,9.4,9.583333333333334,0.005660930322724056,0.021222727272727275,21.615909090909092,120305.69362400024,135993.72559699992
660,Decile 5,441,0.4106950113378685,424.1051776266062,9.383333333333333,9.616666666666667,0.005615757735973884,0.021515873015873016,21.73015873015873,136005.93767299983,156400.72896699962
660,Decile 6,440,0.38639886363636367,538.5769318181818,9.383333333333333,9.616666666666667,0.007472712981188851,0.028703409090909092,22.55,156449.66564000002,188300.16786500005
660,Decile 7,440,0.3137931818181818,1165.0113257575758,9.416666666666666,7547.228333333335,0.012454293181990603,0.04514772727272728,24.28409090909091,188336.119941,248119.52099799996
660,Decile 8,440,0.2690818181818182,1142.1219696969697,9.383333333333333,7457.213333333338,0.015762391070973804,0.056179545454545454,25.913636363636364,248884.878183,417092.7476779996
660,Decile 9,440,0.2865329545454545,900.235303030303,9.383333333333333,2562.323333333407,0.0269953894578575,0.10023977272727272,26.48409090909091,417746.51305999927,806600.3579200017
660,Decile 10 (highest),441,0.2746972789115646,524.5179138321995,9.383333333333333,9.616666666666667,0.014952210593552725,0.05655895691609978,26.773242630385486,806990.4095559991,172972056.63332495
720,Decile 1 (lowest),424,0.4162853773584906,178.5490172955975,9.35,9.55,0.011946627253307791,0.043387971698113204,21.983490566037737,88436.76449999989,98283.85311900004
720,Decile 2,424,0.4140507075471698,295.5185534591195,9.375,9.55,0.006900952459236523,0.025686320754716982,22.117924528301888,98318.60673100014,108665.15323099974
720,Decile 3,424,0.4039304245283019,439.5652908805031,9.366666666666667,9.578333333333333,0.010263637511194653,0.03688325471698113,22.382075471698112,108691.2923019999,121512.1480029997
720,Decile 4,424,0.4023419811320754,580.2013757861636,9.383333333333333,9.583333333333334,0.006635471344389696,0.025086084905660378,22.43632075471698,121541.09607099954,137630.0209789996
720,Decile 5,424,0.4025117924528302,463.0569182389937,9.383333333333333,9.583333333333334,0.0045949495008062976,0.017656839622641512,22.03301886792453,137667.84533399984,158616.34742299982
720,Decile 6,424,0.3715754716981132,691.5341194968554,9.4,9.616666666666667,0.008979628039309758,0.03391627358490566,23.31132075471698,158630.90700199956,192919.329442
720,Decile 7,424,0.3077063679245283,1148.2998820754717,9.4,7573.416666666666,0.012153289128953554,0.04405306603773585,24.544811320754718,192977.85709999988,262579.23607300007
720,Decile 8,424,0.25777240566037735,1065.891037735849,9.375,7064.231666666664,0.017018591432135348,0.06116627358490566,26.16745283018868,262892.377741,437908.3160499996
720,Decile 9,424,0.29559080188679243,910.8007075471698,9.366666666666667,4440.463333333297,0.026534964192239,0.09883608490566038,26.53066037735849,438614.8761360003,831904.7844009999
720,Decile 10 (highest),424,0.27468750000000003,514.6739779874214,9.383333333333333,9.6,0.015178764922464425,0.05733136792452831,26.766509433962263,832251.2136810008,172972056.63332495
780,Decile 1 (lowest),411,0.4093552311435523,221.83004866180048,9.366666666666667,9.616666666666667,0.012688057443394383,0.046012165450121656,22.535279805352797,88437.42444700007,98655.67740600005
780,Decile 2,410,0.4093560975609756,341.39219512195126,9.391666666666666,9.633333333333333,0.007766510423648574,0.02873780487804878,22.614634146341462,98677.79200199986,109252.61061299988
780,Decile 3,411,0.40191605839416056,409.8876723438768,9.383333333333333,9.633333333333333,0.00988515065236335,0.03587469586374696,22.67396593673966,109260.65065399976,122457.71500600011
780,Decile 4,410,0.3961987804878049,579.904918699187,9.4,9.668333333333333,0.006843530483831291,0.02564268292682927,22.882926829268293,122535.02805799992,139202.78667299985
780,Decile 5,411,0.39312165450121656,521.5944444444444,9.4,9.65,0.005338165235461352,0.020962287104622872,22.712895377128955,139223.44199499948,161654.65302799968
780,Decile 6,410,0.3620414634146341,826.6166260162602,9.433333333333334,2837.4266666666795,0.009718136886626979,0.035320731707317074,23.71219512195122,161699.7113899996,197819.1793090006
780,Decile 7,410,0.29820853658536584,1114.8382113821137,9.4,7501.216666666667,0.012500847129943204,0.04656707317073171,24.807317073170733,198024.65649500024,274563.17174700013
780,Decile 8,411,0.25774574209245743,1018.5290348742903,9.4,6719.633333333333,0.017508412715492253,0.06200486618004867,26.282238442822383,274615.73146899947,456201.4541629996
780,Decile 9,410,0.3007963414634146,901.5752032520325,9.391666666666666,2453.271666666743,0.02673492345713117,0.10083048780487805,26.524390243902438,456573.6833619997,865917.6856070015
780,Decile 10 (highest),411,0.27349878345498785,507.22372262773723,9.383333333333333,19.133333333333333,0.015038471508280988,0.05629440389294404,26.759124087591243,866068.6099170005,172972056.63332495
840,Decile 1 (lowest),396,0.40558585858585855,227.4712542087542,9.3,9.616666666666667,0.013399028108749399,0.04863383838383838,22.977272727272727,88437.42444700007,98856.11014199998
840,Decile 2,396,0.4024810606060606,370.43594276094274,9.383333333333333,9.633333333333333,0.00859655196126635,0.031348484848484855,23.265151515151516,98898.36649399994,110092.96475399996
840,Decile 3,396,0.3889217171717172,534.2945707070706,9.341666666666667,9.633333333333333,0.010032438170865455,0.03703409090909091,23.310606060606062,110093.95278400031,124101.774274
840,Decile 4,395,0.39731645569620255,499.4363713080169,9.366666666666667,9.626666666666667,0.007441643394291048,0.02780632911392405,23.2,124133.521961,141563.63517099977
840,Decile 5,396,0.3868042929292929,596.2695286195286,9.4,9.666666666666666,0.004909048676996324,0.01922979797979798,23.161616161616163,141644.2596690001,165236.29622600003
840,Decile 6,396,0.3480479797979798,940.9220538720538,9.416666666666666,6499.325,0.010773700766842191,0.03837121212121212,24.19191919191919,165289.25444799982,203022.50008399977
840,Decile 7,395,0.292993670886076,1073.7799156118142,9.316666666666666,7419.4033333333355,0.014538977307960865,0.05398101265822785,25.02278481012658,203115.647382,286890.2253650003
840,Decile 8,396,0.25322979797979794,1064.0576599326598,9.35,6894.208333333333,0.01784931831248505,0.06396338383838385,26.401515151515152,287042.5274590001,471131.89679199824
840,Decile 9,396,0.30124873737373736,842.4292508417509,9.35,1389.25,0.026816236278396143,0.10063131313131314,26.61868686868687,471793.413623,906728.6081650036
840,Decile 10 (highest),396,0.27181565656565654,473.5248316498317,9.283333333333331,14.458333333333332,0.013958273096648738,0.05315277777777778,26.752525252525253,907443.8153769994,172972056.63332495
900,Decile 1 (lowest),382,0.3972761780104712,252.52369109947645,9.35,9.6,0.013904841139166218,0.050497382198952875,23.471204188481675,88437.42444700007,99264.73892299952
900,Decile 2,382,0.39925392670157067,381.13612565445027,9.4,9.616666666666667,0.010576855543528487,0.038842931937172774,23.612565445026178,99273.236487,110450.04918999996
900,Decile 3,381,0.3784737532808399,570.7023184601925,9.366666666666667,9.616666666666667,0.008589543136797812,0.03178608923884515,23.755905511811022,110526.95516499988,125220.07910199992
900,Decile 4,382,0.3925183246073299,524.3829406631762,9.383333333333333,9.616666666666667,0.00834189774666988,0.03140837696335079,23.612565445026178,125238.31856700036,144070.52686999956
900,Decile 5,381,0.3821167979002625,579.9329833770779,9.4,19.03333333333333,0.005764249756745763,0.021771653543307085,23.758530183727036,144078.13384399982,168660.530161
900,Decile 6,382,0.3336086387434555,1000.5539267015706,9.433333333333334,6614.453333333335,0.011218645016046788,0.04076178010471205,24.410994764397905,168798.23919400008,208528.672651
900,Decile 7,381,0.28026509186351706,1092.9793525809273,9.383333333333333,7419.316666666667,0.014743038562487938,0.053922572178477686,25.598425196850393,208626.10884100007,298180.29561499966
900,Decile 8,382,0.2545196335078534,1109.9267452006982,9.416666666666666,7022.371666666669,0.019806676270475027,0.07147251308900524,26.44240837696335,298364.1806650002,485937.6633590004
900,Decile 9,381,0.30294488188976376,833.6139545056868,9.4,789.1,0.025623291225594518,0.09654330708661418,26.658792650918635,486348.7467639999,934723.1452180012
900,Decile 10 (highest),382,0.27192931937172776,463.35047993019197,9.383333333333333,19.046666666666667,0.01416119449173014,0.05376963350785341,26.7434554973822,938382.735690989,172972056.63332495
960,Decile 1 (lowest),367,0.39330108991825613,259.95358764759305,9.383333333333333,9.673333333333334,0.014363126274742993,0.052549046321525884,23.929155313351497,88437.42444700007,99714.21235099983
960,Decile 2,367,0.388775204359673,412.0851498637602,9.4,9.953333333333335,0.010847853585409031,0.040047683923705724,24.070844686648503,99738.655973,110991.38481200006
960,Decile 3,366,0.37331830601092897,614.0160746812386,9.4,9.975000000000001,0.009223710771281358,0.03410655737704918,24.19945355191257,111071.03035499997,126509.56250599957
960,Decile 4,367,0.37988283378746596,567.1803360581289,9.383333333333333,19.256666666666668,0.008772910635473249,0.033361035422343324,23.989100817438693,126623.28856699952,146180.7330809999
960,Decile 5,367,0.38091825613079017,591.4977293369664,9.416666666666666,19.29,0.005723201259960863,0.02109264305177112,24.05449591280654,146200.36902600006,172606.0023400006
960,Decile 6,366,0.316,1096.7566029143898,9.433333333333334,7014.116666666667,0.012213421320268019,0.04513387978142077,25.095628415300546,172631.13869899965,215462.707338
960,Decile 7,367,0.26724386920980925,1189.3647138964577,9.383333333333333,7453.306666666667,0.015395763066203754,0.05579700272479564,25.912806539509535,215644.1324380001,311484.59004499967
960,Decile 8,366,0.2533401639344262,1096.0108378870675,9.4,7229.133333333333,0.0212334195022724,0.07682786885245901,26.579234972677597,311633.0053329989,498804.63764299935
960,Decile 9,367,0.30930381471389645,744.1565849227975,9.4,27.23333333333401,0.025673462170702963,0.09649863760217983,26.673024523160763,499514.7620470004,964000.3358499992
960,Decile 10 (highest),367,0.27197683923705723,453.9970027247956,9.4,19.25,0.013816897315328714,0.05282425068119891,26.732970027247955,965800.9519230044,172972056.63332495
1020,Decile 1 (lowest),353,0.384643059490085,310.88786591123704,9.383333333333333,9.663333333333334,0.014996443760404682,0.054839943342776205,24.3314447592068,88437.42444700007,99943.22813499992
1020,Decile 2,353,0.3833781869688386,402.7195467422096,9.383333333333333,9.613333333333333,0.011670159958897164,0.043249291784702555,24.390934844192635,99978.315203,111450.5453949999
1020,Decile 3,353,0.36828470254957507,655.6016997167138,9.366666666666667,9.77,0.009647310847617888,0.03575070821529745,24.6685552407932,111472.701119,127743.1595229999
1020,Decile 4,353,0.3707917847025496,562.7683191690274,9.383333333333333,9.870000000000003,0.009281576486575563,0.03472662889518414,24.26345609065156,127758.48390799983,148390.46444100002
1020,Decile 5,353,0.3589461756373938,733.3779508970727,9.4,3095.1633333333452,0.005999012711851466,0.022522662889518413,24.665722379603398,148436.62700899993,177827.79291299998
1020,Decile 6,352,0.3132414772727273,1086.0216382575757,9.416666666666666,6936.220000000004,0.01300359181180747,0.04813210227272727,25.329545454545453,177944.47075699986,222386.4090579994
1020,Decile 7,353,0.25424079320113313,1220.2408404154862,9.383333333333333,7431.203333333334,0.01584577229102914,0.05784985835694051,26.21246458923513,222508.44198099984,330222.0496070012
1020,Decile 8,353,0.255828611898017,1091.7573182247402,9.416666666666666,7223.0733333333355,0.022922132978639893,0.08319405099150141,26.665722379603398,330416.66942199995,518960.1745109992
1020,Decile 9,353,0.3100339943342776,701.491312559018,9.416666666666666,19.35,0.024652865354782404,0.09229036827195469,26.71954674220963,519329.3567269989,997433.0805379984
1020,Decile 10 (highest),353,0.2676628895184136,466.96539187913123,9.383333333333333,9.696666666666667,0.014051116104440764,0.05382011331444759,26.773371104815865,998161.4390240014,172972056.63332495
1080,Decile 1 (lowest),337,0.3783916913946588,321.99619188921855,9.266666666666667,9.583333333333334,0.015507136365314596,0.05673887240356084,24.72106824925816,88437.42444700007,100161.78948299968
1080,Decile 2,337,0.3705845697329377,460.3486646884273,9.3,9.6,0.0122289235684304,0.04581750741839763,24.910979228486646,100206.96534400004,112238.82662699986
1080,Decile 3,336,0.35854166666666665,686.4457341269841,9.3,9.625,0.011178023841771106,0.0412172619047619,25.101190476190474,112273.44149799996,129057.17516899983
1080,Decile 4,337,0.3622195845697329,659.7006429277943,9.316666666666666,9.666666666666666,0.008765058817617617,0.03318545994065282,24.69139465875371,129060.75416600004,150643.036268
1080,Decile 5,337,0.3465459940652819,722.7347181008902,9.316666666666666,2607.2900000000363,0.00867268295291365,0.034087537091988133,25.166172106824927,150735.5276070001,183719.6051120001
1080,Decile 6,336,0.29725892857142855,1152.4323412698413,9.366666666666667,7089.3,0.013044743193078375,0.046355654761904765,25.830357142857142,183987.38585500003,231160.31933099983
1080,Decile 7,337,0.24682492581602372,1349.4063303659743,9.333333333333334,7459.243333333333,0.01666873661881365,0.061045994065281904,26.362017804154302,231228.13400699996,346798.0123010005
1080,Decile 8,336,0.2616889880952381,945.0671626984126,9.325,6314.383333333333,0.02431007245079801,0.08864880952380953,26.74404761904762,347983.972948001,545378.3413849986
1080,Decile 9,337,0.30194510385756673,749.7200296735905,9.316666666666666,19.223333333333336,0.02354705615464237,0.08800000000000001,26.759643916913948,545638.9248109999,1024695.3629609996
1080,Decile 10 (highest),337,0.2659480712166172,462.7070722057369,9.316666666666666,9.616666666666667,0.013897418013314851,0.05331157270029674,26.816023738872403,1030968.813819998,172972056.63332495
1140,Decile 1 (lowest),320,0.372184375,335.6121875,9.333333333333334,9.585,0.014026719773281533,0.052460937500000006,25.1875,88437.42444700007,100730.08730199993
1140,Decile 2,320,0.35674375,528.0515625,9.35,9.616666666666667,0.012879499467820948,0.048665625000000004,25.384375,100753.11863600004,113451.87655099992
1140,Decile 3,319,0.3525141065830721,716.023197492163,9.35,19.87,0.00888227738152876,0.033520376175548594,25.41692789968652,113511.0017309999,131011.21932400035
1140,Decile 4,320,0.35375,724.5205729166667,9.35,19.85166666666667,0.008042421377240119,0.0314484375,25.215625,131020.69783299998,154464.6183749999
1140,Decile 5,320,0.32439375,822.1169270833334,9.35,4907.100000000019,0.01094895285602512,0.042225,25.7875,154590.0351569999,190674.65019799996
1140,Decile 6,319,0.2712398119122257,1302.0442528735632,9.383333333333333,7325.213333333333,0.012856763530656578,0.047189655172413796,26.05015673981191,190683.47421399923,245128.58646799976
1140,Decile 7,320,0.24881875,1306.5533333333333,9.366666666666667,7399.203333333334,0.016150318386235495,0.057403125,26.646875,245519.6794720014,366418.3787380036
1140,Decile 8,319,0.2677774294670846,918.1073667711598,9.35,6161.403333333331,0.024968651503503286,0.09039968652037618,26.752351097178682,366742.7834710001,561181.2219559998
1140,Decile 9,320,0.29666249999999994,772.1380208333333,9.35,30.84333333333582,0.02294777920729422,0.0866140625,26.790625,561334.3602440008,1062565.7399529952
1140,Decile 10 (highest),320,0.2653734375,414.1634895833334,9.35,9.633333333333333,0.01411898935934292,0.0543921875,26.90625,1068043.630158009,172972056.63332495
1200,Decile 1 (lowest),307,0.35778664495114004,393.31661237785016,9.333333333333334,9.590000000000002,0.014020706305182004,0.052708469055374595,25.60586319218241,88437.42444700007,101343.18647099998
1200,Decile 2,307,0.3503371335504886,569.0709554831705,9.35,9.616666666666667,0.011729474005042307,0.04509771986970684,25.81758957654723,101367.85233500002,114915.34974999988
1200,Decile 3,306,0.3469362745098039,810.0365468409585,9.366666666666667,9.875,0.008680138758924042,0.03269607843137255,25.568627450980394,114916.27953199942,133070.08029499953
1200,Decile 4,307,0.3334885993485342,739.7264929424538,9.383333333333333,3249.1333333333437,0.008614960324504317,0.03401302931596091,25.570032573289904,133113.12432399995,158587.871121
1200,Decile 5,306,0.30717810457516337,1064.3704248366012,9.383333333333333,6459.275,0.011240047210059983,0.042565359477124184,26.15686274509804,158655.4735619994,195695.21297699987
1200,Decile 6,307,0.2621482084690554,1313.264006514658,9.35,7271.226666666667,0.013934188282589289,0.05065798045602606,26.27687296416938,195853.75948,260353.89700200027
1200,Decile 7,306,0.2519640522875817,1207.322440087146,9.366666666666667,7214.291666666666,0.01644274092288641,0.05908986928104576,26.76143790849673,260892.34275999985,383639.6155919996
1200,Decile 8,307,0.2607296416938111,823.8660152008687,9.366666666666667,2991.3933333334435,0.0263742593706965,0.09653745928338762,26.791530944625407,384157.2217119999,593886.3446700007
1200,Decile 9,306,0.2987712418300653,750.9364923747277,9.341666666666667,9.791666666666666,0.022489581345622237,0.08416339869281046,26.81045751633987,595213.9146920006,1108948.3309959995
1200,Decile 10 (highest),307,0.26558794788273615,427.00694896851246,9.283333333333331,9.606666666666667,0.014472100611911716,0.05560749185667752,26.921824104234528,1115636.4387210016,172972056.63332495
1260,Decile 1 (lowest),291,0.3412233676975945,457.6863688430699,9.4,19.216666666666665,0.01505027449313479,0.056269759450171826,26.0893470790378,88455.09488600004,101996.54394300006
1260,Decile 2,290,0.3290172413793103,637.6759195402299,9.383333333333333,19.23333333333333,0.013111670877163294,0.050339655172413796,26.162068965517243,102169.31439299996,116714.41822499994
1260,Decile 3,290,0.3353137931034483,863.7064942528735,9.4,3831.148333333336,0.009837468407891492,0.03822241379310345,25.96896551724138,116732.31321499986,136511.50775899977
1260,Decile 4,290,0.3129637931034483,887.113908045977,9.4,5835.140000000001,0.007965966243374534,0.031617241379310344,26.117241379310343,136531.62218199996,165584.37020899958
1260,Decile 5,291,0.2820910652920962,1238.3800114547537,9.416666666666666,6879.366666666667,0.013974871583660606,0.05021649484536083,26.3573883161512,165621.25935699994,206281.55210800003
1260,Decile 6,290,0.24558620689655172,1293.1349425287356,9.4,7281.475,0.015118187470365843,0.05700862068965517,26.541379310344826,206416.99289,282754.3544209999
1260,Decile 7,290,0.25352068965517244,1032.851264367816,9.4,6686.368333333337,0.015993991474113414,0.057363793103448274,26.820689655172412,282809.9795739994,407249.9615099989
1260,Decile 8,290,0.2772051724137931,893.1778735632184,9.416666666666666,6020.393333333338,0.02607189006618547,0.09555862068965518,26.78965517241379,407849.2160309999,615805.7093489997
1260,Decile 9,290,0.29150862068965516,776.3124137931035,9.366666666666667,44.31166666667235,0.022711690599644358,0.0859344827586207,26.868965517241378,616428.8754710009,1175532.5408279994
1260,Decile 10 (highest),291,0.2620979381443299,398.42147766323023,9.366666666666667,19.183333333333334,0.014540154622250594,0.05520274914089347,26.938144329896907,1178213.1080590042,172972056.63332495
1320,Decile 1 (lowest),274,0.3113375912408759,535.7883211678832,9.416666666666666,39.29,0.016529577057676836,0.06175,26.50729927007299,88455.09488600004,102950.94269099964
1320,Decile 2,274,0.32944160583941606,633.8653892944039,9.4,39.24,0.013513895084521783,0.051910583941605845,26.43065693430657,103103.44688299995,118704.9791390002
1320,Decile 3,274,0.3073083941605839,999.1019464720196,9.416666666666666,6781.415000000001,0.011924069582067346,0.0461058394160584,26.401459854014597,118725.99328200004,140878.46647599956
1320,Decile 4,274,0.28802919708029195,1036.4382603406325,9.433333333333334,6351.190000000003,0.009214142520117577,0.035470802919708035,26.496350364963504,141117.36620899985,174039.306826
1320,Decile 5,274,0.2635565693430657,1328.1431265206813,9.433333333333334,6959.183333333333,0.013582474904226729,0.050585766423357666,26.56934306569343,174151.44685899984,217181.03833800013
1320,Decile 6,273,0.23583699633699634,1229.8507936507935,9.416666666666666,7219.333333333333,0.017181406856961828,0.0624010989010989,26.76923076923077,217314.85311600007,298937.6205909996
1320,Decile 7,274,0.24072262773722627,1117.3106447688563,9.433333333333334,6905.093333333337,0.016238195222038582,0.0592007299270073,26.83941605839416,299054.2810999999,431676.77183500014
1320,Decile 8,274,0.2842901459854015,902.2663625304136,9.416666666666666,6125.443333333335,0.028091312296969997,0.10509124087591241,26.857664233576642,435044.4148430007,638999.2333170004
1320,Decile 9,274,0.2905711678832117,787.8134428223844,9.416666666666666,39.35,0.020969771087316753,0.07799635036496351,26.901459854014597,639616.7014189996,1245529.4588359972
1320,Decile 10 (highest),274,0.2649689781021898,346.12384428223845,9.4,33.09833333333367,0.014860814698076649,0.05626459854014599,26.956204379562045,1246968.1370780035,172972056.63332495
1380,Decile 1 (lowest),259,0.29263899613899613,582.4295366795367,9.416666666666666,19.503333333333334,0.017557040776253873,0.0655868725868726,26.725868725868725,88455.09488600004,103351.68603699988
1380,Decile 2,259,0.3094073359073359,707.82277992278,9.4,3611.190000000004,0.014840091498723307,0.05743436293436294,26.683397683397683,103359.90955299992,119961.51766699998
1380,Decile 3,259,0.2757104247104247,1136.751093951094,9.4,6943.183333333333,0.012848307215759703,0.04971042471042471,26.706563706563706,119988.39918199983,145835.75235699982
1380,Decile 4,259,0.28027606177606174,1047.9152509652508,9.433333333333334,6695.263333333335,0.01052665647718725,0.040445945945945944,26.706563706563706,145894.59369400007,180594.71097299995
1380,Decile 5,259,0.2409169884169884,1374.9673745173745,9.45,7055.496666666668,0.014791871328325977,0.0532992277992278,26.7992277992278,180748.01844099967,226083.7662649997
1380,Decile 6,258,0.21215310077519378,1463.932299741602,9.4,7185.241666666667,0.016522243195543098,0.06001356589147287,26.92248062015504,226482.368874,317132.59333899955
1380,Decile 7,259,0.23689768339768338,966.8378378378378,9.416666666666666,6205.58333333334,0.0181342071895404,0.0647895752895753,26.915057915057915,317147.45169600216,457209.5027430001
1380,Decile 8,259,0.2909111969111969,976.8971042471043,9.45,6359.3633333333455,0.029431045747860908,0.11185714285714286,26.91119691119691,457408.4116930007,678267.2156190004
1380,Decile 9,259,0.2814150579150579,766.0106821106821,9.383333333333333,1135.3600000000952,0.019280015150539894,0.07197876447876449,26.94980694980695,678920.5652060003,1314839.9299950132
1380,Decile 10 (highest),259,0.26726061776061777,306.4758043758044,9.366666666666667,9.870000000000001,0.01515656206311085,0.05714092664092664,26.957528957528957,1322144.0422320005,172972056.63332495
1440,Decile 1 (lowest),253,0.28141304347826085,590.7,9.333333333333334,69.08333333333333,0.017939274103159895,0.06671739130434783,26.806324110671937,88455.09488600004,103517.3028609999
1440,Decile 2,253,0.3033083003952569,732.5513833992095,9.35,3735.2533333333345,0.015790529827091625,0.06126284584980238,26.75098814229249,103580.85665800002,120819.034252
1440,Decile 3,253,0.2632905138339921,1167.4423583662715,9.366666666666667,6897.343333333333,0.013450631383957322,0.05196837944664032,26.778656126482215,120966.43701399984,147390.08722399952
1440,Decile 4,253,0.27017391304347826,1094.4147562582345,9.35,6819.236666666668,0.010691648134803573,0.04264822134387351,26.782608695652176,147424.56773099993,183660.68329100028
1440,Decile 5,253,0.235897233201581,1453.9417654808958,9.366666666666667,7059.413333333333,0.014970834517089816,0.05310079051383399,26.869565217391305,183719.6051120001,230943.20840799948
1440,Decile 6,253,0.20676877470355728,1403.7360342555994,9.35,7091.263333333333,0.016280158957364458,0.05873715415019763,26.940711462450594,231160.31933099983,327061.4162739998
1440,Decile 7,253,0.23626284584980237,1037.4219367588933,9.366666666666667,6803.0733333333355,0.020558457256840166,0.07301976284584981,26.91699604743083,327554.0413129995,463580.8147129996
1440,Decile 8,253,0.28929446640316203,916.4090909090909,9.35,6133.390000000001,0.0277704552149426,0.10571739130434783,26.932806324110672,464669.3145519999,688512.8948520003
1440,Decile 9,253,0.28137549407114626,782.3637022397892,9.316666666666666,4445.183333333395,0.019324081622692082,0.07217391304347827,26.960474308300395,688858.3801080011,1337359.6471750005
1440,Decile 10 (highest),253,0.263792490118577,281.87536231884053,9.316666666666666,19.2,0.015364120817954775,0.05795256916996048,26.964426877470355,1341712.0236740003,172972056.63332495
2880,Decile 1 (lowest),221,0.2375497737556561,579.4900452488688,9.4,2889.583333333333,0.02076559914730875,0.07726696832579186,27.0,88455.09488600004,105116.76103999995
2880,Decile 2,220,0.23733863636363633,987.488409090909,9.433333333333334,5480.336666666667,0.01612231795462062,0.06325227272727273,27.0,105157.96925899996,126301.08700899997
2880,Decile 3,220,0.21088863636363636,1105.3557575757575,9.416666666666666,5629.471666666666,0.0145820864518672,0.056345454545454546,27.0,126705.65711600012,158717.9457750001
2880,Decile 4,220,0.21567499999999998,1365.716212121212,9.458333333333334,5709.33,0.014114996670078912,0.05271590909090909,27.0,158918.1569610001,200062.343618
2880,Decile 5,220,0.19231363636363635,1253.25,9.45,5700.2,0.014869781935738452,0.05601136363636364,27.0,200112.51560799984,266340.3086909999
2880,Decile 6,220,0.22422272727272724,946.5657575757576,9.416666666666666,5544.248333333333,0.01658966069529719,0.059675000000000006,27.0,266695.9100119999,364755.61965099984
2880,Decile 7,220,0.22707045454545452,888.3369696969697,9.366666666666667,5439.173333333333,0.021401394348919002,0.07873863636363637,27.0,364800.4368820004,502353.3550190001
2880,Decile 8,220,0.31645454545454543,627.910303030303,9.416666666666666,19.18,0.028770937714283105,0.10893181818181819,27.0,503363.2772920002,756234.2924060001
2880,Decile 9,220,0.27249772727272725,596.409393939394,9.383333333333333,19.201666666666664,0.01821198263991383,0.06753636363636364,27.0,757753.7393700011,1406962.104996007
2880,Decile 10 (highest),221,0.2591447963800905,236.01983408748114,9.4,9.616666666666667,0.012854486615038315,0.049443438914027145,27.0,1407483.3874919969,172972056.63332495
