market_id,entry_time,end_time,closed_time,resolution_time,side,stake,settle_value,pnl,market_price,model_prob,edge,kelly_raw,bet_fraction,sizing_method,cash_before_entry,wallet_before_entry,outcome_yes,cash_after_resolution,roi_on_stake
1672107,2026-03-29 21:00:00+00:00,2026-03-29 23:00:00+00:00,2026-03-30 01:45:46+00:00,2026-03-30 01:45:46+00:00,YES,100.0,104.71204188481676,4.712041884816756,0.955,1.0,0.04500000000000004,1.0,0.1,fractional_kelly,1000.0,1000.0,1,104.71204188481676,0.04712041884816756
1691456,2026-03-29 21:00:00+00:00,2026-03-29 23:00:00+00:00,2026-03-30 07:18:42+00:00,2026-03-30 07:18:42+00:00,YES,16.081871345029246,0.0,-16.081871345029246,0.145,0.2,0.05500000000000002,0.06432748538011698,0.016081871345029246,fractional_kelly,900.0,1000.0,0,104.71204188481676,-1.0
1772613,2026-03-29 21:00:00+00:00,2026-03-29 23:00:00+00:00,2026-03-30 07:19:48+00:00,2026-03-30 07:19:48+00:00,YES,20.251872021783534,0.0,-20.251872021783534,0.435,0.4807692307692308,0.045769230769230784,0.08100748808713414,0.020251872021783534,fractional_kelly,883.9181286549707,1000.0,0,104.71204188481676,-1.0
1730595,2026-03-29 21:00:00+00:00,2026-03-29 23:00:00+00:00,2026-03-30 12:25:36+00:00,2026-03-30 12:25:36+00:00,NO,31.234807972775872,0.0,-31.234807972775872,0.605,0.5294117647058824,-0.07558823529411762,0.12493923189110351,0.031234807972775877,fractional_kelly,863.6662566331871,999.9999999999999,1,104.71204188481676,-1.0
1730596,2026-03-29 21:00:00+00:00,2026-03-29 23:00:00+00:00,2026-03-30 12:25:38+00:00,2026-03-30 12:25:38+00:00,NO,31.234807972775872,0.0,-31.234807972775872,0.605,0.5294117647058824,-0.07558823529411762,0.12493923189110351,0.031234807972775877,fractional_kelly,832.4314486604112,999.9999999999999,1,104.71204188481676,-1.0
1732971,2026-03-29 21:00:00+00:00,2026-03-29 23:00:00+00:00,2026-03-30 15:23:35+00:00,2026-03-30 15:23:35+00:00,NO,21.80527383367138,0.0,-21.80527383367138,0.58,0.5294117647058824,-0.0505882352941176,0.08722109533468553,0.021805273833671382,fractional_kelly,801.1966406876353,999.9999999999998,1,104.71204188481676,-1.0
1730640,2026-03-29 21:00:00+00:00,2026-03-29 23:00:00+00:00,2026-03-30 15:35:39+00:00,2026-03-30 15:35:39+00:00,YES,13.313609467455624,0.0,-13.313609467455624,0.155,0.2,0.04500000000000001,0.0532544378698225,0.013313609467455625,fractional_kelly,779.391366853964,999.9999999999999,0,104.71204188481676,-1.0
1732993,2026-03-29 21:00:00+00:00,2026-03-29 23:00:00+00:00,2026-03-30 15:51:49+00:00,2026-03-30 15:51:49+00:00,NO,36.52751423149904,0.0,-36.52751423149904,0.62,0.5294117647058824,-0.09058823529411764,0.14611005692599618,0.036527514231499046,fractional_kelly,766.0777573865083,999.9999999999999,1,104.71204188481676,-1.0
1732970,2026-03-29 21:00:00+00:00,2026-03-29 23:00:00+00:00,2026-03-30 16:05:03+00:00,2026-03-30 16:05:03+00:00,NO,23.755656108597268,0.0,-23.755656108597268,0.585,0.5294117647058824,-0.055588235294117605,0.09502262443438908,0.02375565610859727,fractional_kelly,729.5502431550093,999.9999999999999,1,104.71204188481676,-1.0
1732994,2026-03-29 21:00:00+00:00,2026-03-29 23:00:00+00:00,2026-03-30 16:53:19+00:00,2026-03-30 16:53:19+00:00,NO,38.23529411764705,0.0,-38.23529411764705,0.625,0.5294117647058824,-0.09558823529411764,0.15294117647058822,0.038235294117647055,fractional_kelly,705.7945870464121,999.9999999999999,1,104.71204188481676,-1.0
1491711,2026-03-29 21:00:00+00:00,2026-03-29 23:00:00+00:00,2026-03-30 19:55:13+00:00,2026-03-30 19:55:13+00:00,NO,9.615384615384622,20.032051282051295,10.416666666666673,0.52,0.5,-0.020000000000000018,0.03846153846153849,0.009615384615384623,fractional_kelly,667.559292928765,999.9999999999999,0,124.74409316686805,1.0833333333333333
1659872,2026-03-29 21:00:00+00:00,2026-03-29 23:00:00+00:00,2026-03-30 20:05:09+00:00,2026-03-30 20:05:09+00:00,NO,10.76555023923443,0.0,-10.76555023923443,0.715,0.6842105263157895,-0.030789473684210478,0.04306220095693773,0.010765550239234433,fractional_kelly,657.9439083133803,999.9999999999998,1,124.74409316686805,-1.0
1494664,2026-03-29 21:00:00+00:00,2026-03-29 23:00:00+00:00,2026-03-30 20:31:07+00:00,2026-03-30 20:31:07+00:00,YES,20.114942528735632,154.73032714412025,134.6153846153846,0.13,0.2,0.07,0.08045977011494254,0.020114942528735635,fractional_kelly,647.1783580741459,999.9999999999998,1,279.4744203109883,6.6923076923076925
1492100,2026-03-29 21:00:00+00:00,2026-03-29 23:00:00+00:00,2026-03-30 21:20:35+00:00,2026-03-30 21:20:35+00:00,NO,19.82097186700765,0.0,-19.82097186700765,0.575,0.5294117647058824,-0.045588235294117596,0.07928388746803061,0.019820971867007653,fractional_kelly,627.0634155454103,999.9999999999999,1,0.0,-1.0
1494643,2026-03-29 21:00:00+00:00,2026-03-29 23:00:00+00:00,2026-03-30 22:44:37+00:00,2026-03-30 22:44:37+00:00,YES,100.0,113.63636363636364,13.63636363636364,0.88,1.0,0.12,1.0,0.1,fractional_kelly,607.2424436784027,999.9999999999999,1,113.63636363636364,0.1363636363636364
1770662,2026-03-29 21:00:00+00:00,2026-03-29 23:00:00+00:00,2026-03-30 22:47:47+00:00,2026-03-30 22:47:47+00:00,YES,24.07847800237812,87.55810182682951,63.479623824451394,0.275,0.3448275862068966,0.06982758620689655,0.09631391200951249,0.024078478002378122,fractional_kelly,507.24244367840265,999.9999999999999,1,201.19446546319315,2.636363636363636
1494641,2026-03-29 21:00:00+00:00,2026-03-29 23:00:00+00:00,2026-03-30 22:54:37+00:00,2026-03-30 22:54:37+00:00,YES,27.263007840342105,0.0,-27.263007840342105,0.39,0.45652173913043476,0.06652173913043474,0.10905203136136843,0.027263007840342107,fractional_kelly,483.16396567602453,999.9999999999999,0,201.19446546319315,-1.0
1494644,2026-03-29 21:00:00+00:00,2026-03-29 23:00:00+00:00,2026-03-30 22:55:31+00:00,2026-03-30 22:55:31+00:00,NO,7.372153788727116,0.0,-7.372153788727116,0.705,0.6842105263157895,-0.02078947368421047,0.029488615154908467,0.007372153788727117,fractional_kelly,455.90095783568245,999.9999999999999,1,201.19446546319315,-1.0
1492115,2026-03-29 21:00:00+00:00,2026-03-29 23:00:00+00:00,2026-03-30 22:56:15+00:00,2026-03-30 22:56:15+00:00,YES,100.0,121.21212121212122,21.212121212121218,0.825,1.0,0.17500000000000004,1.0,0.1,fractional_kelly,448.5288040469553,999.9999999999999,1,429.35845833306837,0.21212121212121218
1492119,2026-03-29 21:00:00+00:00,2026-03-29 23:00:00+00:00,2026-03-30 22:56:15+00:00,2026-03-30 22:56:15+00:00,NO,100.0,106.951871657754,6.951871657753998,0.065,0.0,-0.065,1.0,0.1,fractional_kelly,348.5288040469553,999.9999999999999,0,429.35845833306837,0.06951871657753998
1492901,2026-03-29 21:00:00+00:00,2026-03-29 23:00:00+00:00,2026-03-31 05:05:43+00:00,2026-03-31 05:05:43+00:00,YES,11.820748059280168,25.979666064352017,14.158918005071849,0.455,0.4807692307692308,0.025769230769230766,0.04728299223712068,0.01182074805928017,fractional_kelly,248.52880404695532,999.9999999999999,1,751.6681647911289,1.1978021978021978
1483295,2026-03-29 21:00:00+00:00,2026-03-29 23:00:00+00:00,2026-03-31 20:26:49+00:00,2026-03-31 20:26:49+00:00,NO,100.0,109.89010989010988,9.890109890109883,0.09,0.0,-0.09,1.0,0.1,fractional_kelly,236.70805598767515,999.9999999999999,0,904.1036483903802,0.09890109890109883
1492109,2026-03-29 21:00:00+00:00,2026-03-29 23:00:00+00:00,2026-04-01 00:48:07+00:00,2026-04-01 00:48:07+00:00,NO,100.0,106.951871657754,6.951871657753998,0.065,0.0,-0.065,1.0,0.1,fractional_kelly,136.70805598767515,999.9999999999999,0,106.951871657754,0.06951871657753998
1492111,2026-03-29 21:00:00+00:00,2026-03-29 23:00:00+00:00,2026-04-01 00:50:05+00:00,2026-04-01 00:50:05+00:00,YES,36.70805598767515,0.0,-36.70805598767515,0.85,1.0,0.15000000000000002,1.0,0.1,fractional_kelly,36.70805598767515,999.9999999999999,0,106.951871657754,-1.0
1786258,2026-03-30 21:00:00+00:00,2026-03-30 23:00:00+00:00,2026-03-31 04:15:41+00:00,2026-03-31 04:15:41+00:00,YES,20.405784619372955,72.87780221204626,52.47201759267331,0.28,0.3448275862068966,0.06482758620689655,0.09003831417624521,0.022509578544061302,fractional_kelly,279.4744203109883,906.5378358563986,1,502.23626054511465,2.571428571428571
1704242,2026-03-30 21:00:00+00:00,2026-03-30 23:00:00+00:00,2026-03-31 04:37:57+00:00,2026-03-31 04:37:57+00:00,YES,90.65378358563987,104.80206194871661,14.148278363076741,0.865,1.0,0.135,1.0,0.1,fractional_kelly,259.0686356916153,906.5378358563986,1,607.0383224938313,0.1560693641618497
1785170,2026-03-30 21:00:00+00:00,2026-03-30 23:00:00+00:00,2026-03-31 04:56:45+00:00,2026-03-31 04:56:45+00:00,NO,12.379193136694536,0.0,-12.379193136694536,0.56,0.5294117647058824,-0.030588235294117694,0.054621848739495875,0.013655462184873969,fractional_kelly,168.41485210597546,906.5378358563986,1,607.0383224938313,-1.0
1704245,2026-03-30 21:00:00+00:00,2026-03-30 23:00:00+00:00,2026-03-31 04:56:49+00:00,2026-03-31 04:56:49+00:00,NO,90.65378358563987,95.92992972025384,5.276146134613967,0.055,0.0,-0.055,1.0,0.1,fractional_kelly,156.03565896928092,906.5378358563986,0,702.9682522140852,0.05820105820105827
1785167,2026-03-30 21:00:00+00:00,2026-03-30 23:00:00+00:00,2026-03-31 04:58:45+00:00,2026-03-31 04:58:45+00:00,NO,10.792117093528564,22.720246512691713,11.928129419163149,0.525,0.5,-0.025000000000000022,0.04761904761904766,0.011904761904761915,fractional_kelly,65.38187538364105,906.5378358563986,0,725.6884987267769,1.1052631578947367
1704247,2026-03-30 21:00:00+00:00,2026-03-30 23:00:00+00:00,2026-03-31 05:02:01+00:00,2026-03-31 05:02:01+00:00,NO,15.660741346248193,0.0,-15.660741346248193,0.735,0.6842105263157895,-0.050789473684210495,0.06910132474042244,0.01727533118510561,fractional_kelly,54.589758290112485,906.5378358563986,1,725.6884987267769,-1.0
1704249,2026-03-30 21:00:00+00:00,2026-03-30 23:00:00+00:00,2026-03-31 05:23:37+00:00,2026-03-31 05:23:37+00:00,YES,38.92901694386429,42.5453737091413,3.616356765277011,0.915,1.0,0.08499999999999996,1.0,0.1,fractional_kelly,38.92901694386429,906.5378358563986,1,794.2135385002703,0.092896174863388
1809107,2026-03-31 21:00:00+00:00,2026-03-31 23:00:00+00:00,2026-03-31 23:57:41+00:00,2026-03-31 23:57:41+00:00,NO,30.48217640156444,0.0,-30.48217640156444,0.775,0.6842105263157895,-0.09078947368421053,0.1171477079796265,0.029286926994906624,fractional_kelly,904.1036483903802,1040.8117043780553,1,0.0,-1.0
1499154,2026-03-31 21:00:00+00:00,2026-03-31 23:00:00+00:00,2026-04-01 04:25:57+00:00,2026-04-01 04:25:57+00:00,YES,10.770927223955914,0.0,-10.770927223955914,0.235,0.26666666666666666,0.031666666666666676,0.041394335511982586,0.010348583877995646,fractional_kelly,873.6214719888158,1040.8117043780553,0,106.951871657754,-1.0
1716625,2026-03-31 21:00:00+00:00,2026-03-31 23:00:00+00:00,2026-04-01 04:43:23+00:00,2026-04-01 04:43:23+00:00,YES,22.531272738180384,0.0,-22.531272738180384,0.405,0.45652173913043476,0.05152173913043473,0.08659115820241131,0.021647789550602828,fractional_kelly,862.8505447648598,1040.8117043780553,0,106.951871657754,-1.0
1499155,2026-03-31 21:00:00+00:00,2026-03-31 23:00:00+00:00,2026-04-01 06:11:11+00:00,2026-04-01 06:11:11+00:00,YES,7.333221435122343,0.0,-7.333221435122343,0.265,0.2857142857142857,0.020714285714285685,0.02818270165208937,0.007045675413022342,fractional_kelly,840.3192720266794,1040.8117043780553,0,106.951871657754,-1.0
1499946,2026-03-31 21:00:00+00:00,2026-03-31 23:00:00+00:00,2026-04-01 06:20:15+00:00,2026-04-01 06:20:15+00:00,YES,25.23707309946791,59.38134846933626,34.14427536986835,0.425,0.4807692307692308,0.05576923076923079,0.09698996655518399,0.024247491638795998,fractional_kelly,832.986050591557,1040.8117043780553,1,166.33322012709027,1.3529411764705883
1499943,2026-03-31 21:00:00+00:00,2026-03-31 23:00:00+00:00,2026-04-01 06:20:21+00:00,2026-04-01 06:20:21+00:00,NO,20.62989951132972,0.0,-20.62989951132972,0.575,0.5294117647058824,-0.045588235294117596,0.07928388746803061,0.019820971867007653,fractional_kelly,807.7489774920891,1040.8117043780553,1,166.33322012709027,-1.0
1499948,2026-03-31 21:00:00+00:00,2026-03-31 23:00:00+00:00,2026-04-01 06:51:33+00:00,2026-04-01 06:51:33+00:00,YES,33.93951209928441,0.0,-33.93951209928441,0.375,0.45652173913043476,0.08152173913043476,0.13043478260869562,0.032608695652173905,fractional_kelly,787.1190779807594,1040.8117043780553,0,166.33322012709027,-1.0
1716628,2026-03-31 21:00:00+00:00,2026-03-31 23:00:00+00:00,2026-04-01 07:45:13+00:00,2026-04-01 07:45:13+00:00,YES,47.54934151253128,141.9383328732277,94.38899136069642,0.335,0.45652173913043476,0.12152173913043474,0.1827394573389996,0.0456848643347499,fractional_kelly,753.1795658814749,1040.8117043780553,1,308.27155300031797,1.9850746268656718
1800302,2026-03-31 21:00:00+00:00,2026-03-31 23:00:00+00:00,2026-04-01 08:51:19+00:00,2026-04-01 08:51:19+00:00,YES,21.07838543583877,48.45605847319257,27.3776730373538,0.435,0.4807692307692308,0.045769230769230784,0.08100748808713414,0.020251872021783534,fractional_kelly,705.6302243689436,1040.811704378055,1,356.72761147351054,1.2988505747126435
1798778,2026-03-31 21:00:00+00:00,2026-03-31 23:00:00+00:00,2026-04-01 08:51:21+00:00,2026-04-01 08:51:21+00:00,YES,12.30317293460298,27.039940515610944,14.736767581007964,0.455,0.4807692307692308,0.025769230769230766,0.04728299223712068,0.01182074805928017,fractional_kelly,684.5518389331048,1040.811704378055,1,383.7675519891215,1.1978021978021978
1716627,2026-03-31 21:00:00+00:00,2026-03-31 23:00:00+00:00,2026-04-01 08:52:19+00:00,2026-04-01 08:52:19+00:00,YES,12.30317293460298,0.0,-12.30317293460298,0.455,0.4807692307692308,0.025769230769230766,0.04728299223712068,0.01182074805928017,fractional_kelly,672.2486659985018,1040.811704378055,0,383.7675519891215,-1.0
1702304,2026-03-31 21:00:00+00:00,2026-03-31 23:00:00+00:00,2026-04-01 11:17:45+00:00,2026-04-01 11:17:45+00:00,NO,36.26131475861976,0.0,-36.26131475861976,0.795,0.6842105263157895,-0.11078947368421055,0.13935782853359815,0.03483945713339954,fractional_kelly,659.9454930638988,1040.811704378055,1,383.7675519891215,-1.0
1702303,2026-03-31 21:00:00+00:00,2026-03-31 23:00:00+00:00,2026-04-01 12:25:53+00:00,2026-04-01 12:25:53+00:00,YES,104.08117043780551,116.29181054503408,12.21064010722857,0.895,1.0,0.10499999999999998,1.0,0.1,fractional_kelly,623.684178305279,1040.811704378055,1,500.0593625341556,0.11731843575418986
1702305,2026-03-31 21:00:00+00:00,2026-03-31 23:00:00+00:00,2026-04-01 12:25:53+00:00,2026-04-01 12:25:53+00:00,NO,31.95474530985257,0.0,-31.95474530985257,0.78,0.6842105263157895,-0.09578947368421054,0.12280701754385966,0.030701754385964914,fractional_kelly,519.6030078674735,1040.811704378055,1,500.0593625341556,-1.0
1702327,2026-03-31 21:00:00+00:00,2026-03-31 23:00:00+00:00,2026-04-01 13:20:13+00:00,2026-04-01 13:20:13+00:00,NO,25.948214236572007,108.11755931905003,82.16934508247803,0.76,0.6842105263157895,-0.07578947368421052,0.09972299168975068,0.02493074792243767,fractional_kelly,487.6482625576209,1040.811704378055,0,608.1769218532056,3.166666666666667
1701220,2026-03-31 21:00:00+00:00,2026-03-31 23:00:00+00:00,2026-04-01 14:03:09+00:00,2026-04-01 14:03:09+00:00,YES,104.08117043780551,125.39900052747653,21.31783008967102,0.83,1.0,0.17000000000000004,1.0,0.1,fractional_kelly,461.7000483210489,1040.811704378055,1,733.5759223806822,0.20481927710843384
1702326,2026-03-31 21:00:00+00:00,2026-03-31 23:00:00+00:00,2026-04-01 14:49:49+00:00,2026-04-01 14:49:49+00:00,YES,104.0811704378055,0.0,-104.0811704378055,0.835,1.0,0.16500000000000004,1.0,0.1,fractional_kelly,357.6188778832434,1040.8117043780549,0,733.5759223806822,-1.0
1702328,2026-03-31 21:00:00+00:00,2026-03-31 23:00:00+00:00,2026-04-01 14:49:51+00:00,2026-04-01 14:49:51+00:00,NO,24.396858528903515,99.57901440368782,75.18215587478431,0.755,0.6842105263157895,-0.07078947368421051,0.09376089229696756,0.02344022307424189,fractional_kelly,253.5377074454379,1040.811704378055,0,833.15493678437,3.081632653061225
1701231,2026-03-31 21:00:00+00:00,2026-03-31 23:00:00+00:00,2026-04-01 17:45:31+00:00,2026-04-01 17:45:31+00:00,NO,10.007804849788998,20.849593437060413,10.841788587271415,0.52,0.5,-0.020000000000000018,0.03846153846153849,0.009615384615384623,fractional_kelly,229.14084891653437,1040.811704378055,0,854.0045302214304,1.0833333333333333
1599849,2026-03-31 21:00:00+00:00,2026-03-31 23:00:00+00:00,2026-04-01 20:25:23+00:00,2026-04-01 20:25:23+00:00,NO,30.482176401564427,0.0,-30.482176401564427,0.775,0.6842105263157895,-0.09078947368421053,0.1171477079796265,0.029286926994906624,fractional_kelly,219.13304406674536,1040.8117043780549,1,854.0045302214304,-1.0
1647490,2026-03-31 21:00:00+00:00,2026-03-31 23:00:00+00:00,2026-04-01 21:27:37+00:00,2026-04-01 21:27:37+00:00,YES,11.330255780103426,0.0,-11.330255780103426,0.315,0.3448275862068966,0.029827586206896572,0.043543921469922,0.0108859803674805,fractional_kelly,188.65086766518093,1040.811704378055,0,0.0,-1.0
1647488,2026-03-31 21:00:00+00:00,2026-03-31 23:00:00+00:00,2026-04-01 21:27:39+00:00,2026-04-01 21:27:39+00:00,YES,22.53127273818038,0.0,-22.53127273818038,0.405,0.45652173913043476,0.05152173913043473,0.08659115820241131,0.021647789550602828,fractional_kelly,177.3206118850775,1040.811704378055,0,0.0,-1.0
1729998,2026-03-31 21:00:00+00:00,2026-03-31 23:00:00+00:00,2026-04-01 21:36:29+00:00,2026-04-01 21:36:29+00:00,YES,50.69976498781989,155.99927688559967,105.29951189777978,0.325,0.45652173913043476,0.13152173913043474,0.19484702093397738,0.048711755233494344,fractional_kelly,154.78933914689713,1040.811704378055,1,155.99927688559967,2.076923076923077
1647494,2026-03-31 21:00:00+00:00,2026-03-31 23:00:00+00:00,2026-04-01 22:32:19+00:00,2026-04-01 22:32:19+00:00,NO,12.390615528310189,26.085506375389873,13.694890847079684,0.525,0.5,-0.025000000000000022,0.04761904761904766,0.011904761904761915,fractional_kelly,104.08957415907724,1040.811704378055,0,182.08478326098955,1.105263157894737
1701253,2026-03-31 21:00:00+00:00,2026-03-31 23:00:00+00:00,2026-04-01 23:07:25+00:00,2026-04-01 23:07:25+00:00,YES,10.007804849788986,0.0,-10.007804849788986,0.46,0.4807692307692308,0.020769230769230762,0.03846153846153844,0.00961538461538461,fractional_kelly,91.69895863076705,1040.811704378055,0,182.08478326098955,-1.0
1788955,2026-03-31 21:00:00+00:00,2026-03-31 23:00:00+00:00,2026-04-01 23:20:13+00:00,2026-04-01 23:20:13+00:00,YES,35.73525348019892,0.0,-35.73525348019892,0.37,0.45652173913043476,0.08652173913043476,0.13733609385783296,0.03433402346445824,fractional_kelly,81.69115378097807,1040.811704378055,0,182.08478326098955,-1.0
1730069,2026-03-31 21:00:00+00:00,2026-03-31 23:00:00+00:00,2026-04-02 03:33:49+00:00,2026-04-02 03:33:49+00:00,YES,45.95590030077915,50.78000033235265,4.824100031573501,0.905,1.0,0.09499999999999997,1.0,0.1,fractional_kelly,45.95590030077915,1040.8117043780549,1,351.6137248971211,0.10497237569060772
1813258,2026-04-01 21:00:00+00:00,2026-04-01 23:00:00+00:00,2026-04-02 00:52:19+00:00,2026-04-02 00:52:19+00:00,NO,43.34336357587929,118.74894130377888,75.40557772789958,0.635,0.5294117647058824,-0.10558823529411765,0.1662806855025475,0.04157017137563687,fractional_kelly,854.0045302214304,1042.6553978866114,0,300.83372456476843,1.7397260273972603
1812456,2026-04-01 21:00:00+00:00,2026-04-01 23:00:00+00:00,2026-04-02 04:20:35+00:00,2026-04-02 04:20:35+00:00,YES,18.97690112911759,0.0,-18.97690112911759,0.44,0.4807692307692308,0.04076923076923078,0.07280219780219782,0.018200549450549455,fractional_kelly,810.6611666455511,1042.6553978866114,0,351.6137248971211,-1.0
1730086,2026-04-01 21:00:00+00:00,2026-04-01 23:00:00+00:00,2026-04-02 04:33:03+00:00,2026-04-02 04:33:03+00:00,YES,104.26553978866114,117.81416925272445,13.54862946406331,0.885,1.0,0.11499999999999999,1.0,0.1,fractional_kelly,791.6842655164336,1042.6553978866114,1,469.42789414984554,0.12994350282485873
1784596,2026-04-01 21:00:00+00:00,2026-04-01 23:00:00+00:00,2026-04-02 04:52:41+00:00,2026-04-02 04:52:41+00:00,NO,32.56714113476653,82.44845856902919,49.881317434262655,0.605,0.5294117647058824,-0.07558823529411762,0.12493923189110351,0.031234807972775877,fractional_kelly,687.4187257277724,1042.6553978866114,0,551.8763527188747,1.5316455696202531
1722587,2026-04-01 21:00:00+00:00,2026-04-01 23:00:00+00:00,2026-04-02 04:53:49+00:00,2026-04-02 04:53:49+00:00,NO,39.112359237492214,0.0,-39.112359237492214,0.805,0.6842105263157895,-0.12078947368421056,0.1500490356325597,0.037512258908139924,fractional_kelly,654.8515845930059,1042.6553978866114,1,551.8763527188747,-1.0
1730081,2026-04-01 21:00:00+00:00,2026-04-01 23:00:00+00:00,2026-04-02 05:21:53+00:00,2026-04-02 05:21:53+00:00,YES,30.31403551649832,78.73775458830733,48.423719071809,0.385,0.45652173913043476,0.07152173913043475,0.11629551078119471,0.029073877695298678,fractional_kelly,615.7392253555137,1042.6553978866114,1,630.614107307182,1.5974025974025974
1508056,2026-04-01 21:00:00+00:00,2026-04-01 23:00:00+00:00,2026-04-02 05:23:41+00:00,2026-04-02 05:23:41+00:00,YES,17.15621939197715,79.79636926501,62.640149873032854,0.215,0.26666666666666666,0.051666666666666666,0.06581740976645435,0.016454352441613588,fractional_kelly,585.4251898390154,1042.6553978866114,1,710.410476572192,3.6511627906976747
1730082,2026-04-01 21:00:00+00:00,2026-04-01 23:00:00+00:00,2026-04-02 05:26:45+00:00,2026-04-02 05:26:45+00:00,NO,104.26553978866114,111.5139462980333,7.24840650937216,0.065,0.0,-0.065,1.0,0.1,fractional_kelly,568.2689704470382,1042.6553978866114,0,821.9244228702253,0.06951871657754005
1813219,2026-04-01 21:00:00+00:00,2026-04-01 23:00:00+00:00,2026-04-02 05:33:37+00:00,2026-04-02 05:33:37+00:00,NO,12.412564260554907,0.0,-12.412564260554907,0.525,0.5,-0.025000000000000022,0.04761904761904766,0.011904761904761915,fractional_kelly,464.00343065837706,1042.6553978866114,1,821.9244228702253,-1.0
1818912,2026-04-01 21:00:00+00:00,2026-04-01 23:00:00+00:00,2026-04-02 05:45:39+00:00,2026-04-02 05:45:39+00:00,NO,12.017888131443472,27.006490183019043,14.98860205157557,0.555,0.5294117647058824,-0.02558823529411769,0.046104928457869704,0.011526232114467426,fractional_kelly,451.59086639782214,1042.6553978866114,0,848.9309130532444,1.2471910112359554
1745866,2026-04-01 21:00:00+00:00,2026-04-01 23:00:00+00:00,2026-04-02 05:49:51+00:00,2026-04-02 05:49:51+00:00,NO,16.418701606491382,0.0,-16.418701606491382,0.565,0.5294117647058824,-0.03558823529411759,0.06298802706923468,0.01574700676730867,fractional_kelly,439.57297826637864,1042.6553978866114,1,848.9309130532444,-1.0
1730079,2026-04-01 21:00:00+00:00,2026-04-01 23:00:00+00:00,2026-04-02 05:57:09+00:00,2026-04-02 05:57:09+00:00,YES,16.76784996601276,115.64034459319147,98.87249462717871,0.145,0.2,0.05500000000000002,0.06432748538011698,0.016081871345029246,fractional_kelly,423.1542766598873,1042.6553978866114,1,964.5712576464358,5.8965517241379315
1807744,2026-04-01 21:00:00+00:00,2026-04-01 23:00:00+00:00,2026-04-02 06:25:23+00:00,2026-04-02 06:25:23+00:00,NO,36.27603070121997,94.22345636680512,57.94742566558515,0.615,0.5294117647058824,-0.08558823529411763,0.13916786226685793,0.03479196556671448,fractional_kelly,406.3864266938745,1042.6553978866114,0,1058.794714013241,1.5974025974025974
1812083,2026-04-01 21:00:00+00:00,2026-04-01 23:00:00+00:00,2026-04-02 06:34:35+00:00,2026-04-02 06:34:35+00:00,NO,12.412564260554907,26.131714232747175,13.719149972192268,0.525,0.5,-0.025000000000000022,0.04761904761904766,0.011904761904761915,fractional_kelly,370.11039599265456,1042.6553978866114,0,1084.926428245988,1.105263157894737
1730083,2026-04-01 21:00:00+00:00,2026-04-01 23:00:00+00:00,2026-04-02 06:36:33+00:00,2026-04-02 06:36:33+00:00,YES,104.26553978866114,112.71950247422826,8.45396268556712,0.925,1.0,0.07499999999999996,1.0,0.1,fractional_kelly,357.69783173209964,1042.6553978866114,1,1197.6459307202163,0.08108108108108109
1730084,2026-04-01 21:00:00+00:00,2026-04-01 23:00:00+00:00,2026-04-02 06:42:37+00:00,2026-04-02 06:42:37+00:00,YES,104.26553978866114,119.16061690132702,14.895077112665874,0.875,1.0,0.125,1.0,0.1,fractional_kelly,253.43229194343849,1042.6553978866114,1,1316.8065476215434,0.14285714285714282
1508061,2026-04-01 21:00:00+00:00,2026-04-01 23:00:00+00:00,2026-04-02 06:49:29+00:00,2026-04-02 06:49:29+00:00,YES,25.281778042401122,0.0,-25.281778042401122,0.425,0.4807692307692308,0.05576923076923079,0.09698996655518399,0.024247491638795998,fractional_kelly,149.16675215477733,1042.6553978866114,0,1316.8065476215434,-1.0
1724269,2026-04-01 21:00:00+00:00,2026-04-01 23:00:00+00:00,2026-04-02 07:17:27+00:00,2026-04-02 07:17:27+00:00,NO,39.8662358015469,0.0,-39.8662358015469,0.625,0.5294117647058824,-0.09558823529411764,0.15294117647058822,0.038235294117647055,fractional_kelly,123.8849741123762,1042.6553978866114,1,1316.8065476215434,-1.0
1810908,2026-04-01 21:00:00+00:00,2026-04-01 23:00:00+00:00,2026-04-02 07:26:05+00:00,2026-04-02 07:26:05+00:00,NO,28.733583011457515,0.0,-28.733583011457515,0.595,0.5294117647058824,-0.06558823529411761,0.11023232822540775,0.027558082056351938,fractional_kelly,84.01873831082929,1042.6553978866114,1,1316.8065476215434,-1.0
1812838,2026-04-01 21:00:00+00:00,2026-04-01 23:00:00+00:00,2026-04-02 07:26:05+00:00,2026-04-02 07:26:05+00:00,NO,12.017888131443472,0.0,-12.017888131443472,0.555,0.5294117647058824,-0.02558823529411769,0.046104928457869704,0.011526232114467426,fractional_kelly,55.28515529937178,1042.6553978866114,1,1316.8065476215434,-1.0
1741472,2026-04-01 21:00:00+00:00,2026-04-01 23:00:00+00:00,2026-04-02 09:18:03+00:00,2026-04-02 09:18:03+00:00,YES,21.81103346193962,76.52994197171797,54.71890850977836,0.285,0.3448275862068966,0.0598275862068966,0.08367494574391132,0.02091873643597783,fractional_kelly,43.26726716792831,1042.6553978866114,1,1393.3364895932614,2.508771929824562
1730732,2026-04-01 21:00:00+00:00,2026-04-01 23:00:00+00:00,2026-04-02 11:15:55+00:00,2026-04-02 11:15:55+00:00,YES,21.45623370598869,0.0,-21.45623370598869,0.325,0.45652173913043476,0.13152173913043474,0.19484702093397738,0.048711755233494344,fractional_kelly,21.45623370598869,1042.6553978866114,0,1393.3364895932614,-1.0
1758988,2026-04-02 21:00:00+00:00,2026-04-02 23:00:00+00:00,2026-04-03 04:04:55+00:00,2026-04-03 04:04:55+00:00,NO,16.059919792609158,0.0,-16.059919792609158,0.555,0.5294117647058824,-0.02558823529411769,0.046104928457869704,0.011526232114467426,fractional_kelly,1393.3364895932614,1393.3364895932614,1,0.0,-1.0
1745913,2026-04-02 21:00:00+00:00,2026-04-02 23:00:00+00:00,2026-04-03 04:30:53+00:00,2026-04-03 04:30:53+00:00,YES,14.360850683727277,56.31706150481285,41.95621082108557,0.255,0.2857142857142857,0.030714285714285694,0.041227229146692204,0.010306807286673051,fractional_kelly,1377.2765698006522,1393.3364895932614,1,56.31706150481285,2.9215686274509802
1745921,2026-04-02 21:00:00+00:00,2026-04-02 23:00:00+00:00,2026-04-03 04:31:47+00:00,2026-04-03 04:31:47+00:00,YES,25.35948968009714,0.0,-25.35948968009714,0.44,0.4807692307692308,0.04076923076923078,0.07280219780219782,0.018200549450549455,fractional_kelly,1362.915719116925,1393.3364895932614,0,56.31706150481285,-1.0
1515671,2026-04-02 21:00:00+00:00,2026-04-02 23:00:00+00:00,2026-04-03 04:36:01+00:00,2026-04-03 04:36:01+00:00,YES,39.16182441164494,0.0,-39.16182441164494,0.415,0.4807692307692308,0.0657692307692308,0.11242603550295864,0.02810650887573966,fractional_kelly,1337.5562294368278,1393.3364895932614,0,56.31706150481285,-1.0
1515666,2026-04-02 21:00:00+00:00,2026-04-02 23:00:00+00:00,2026-04-03 04:43:03+00:00,2026-04-03 04:43:03+00:00,YES,22.92644966952819,0.0,-22.92644966952819,0.215,0.26666666666666666,0.051666666666666666,0.06581740976645435,0.016454352441613588,fractional_kelly,1298.394405025183,1393.3364895932616,0,56.31706150481285,-1.0
1832205,2026-04-02 21:00:00+00:00,2026-04-02 23:00:00+00:00,2026-04-03 05:38:43+00:00,2026-04-03 05:38:43+00:00,YES,22.44980830425734,50.44900742529739,27.99919912104005,0.445,0.4807692307692308,0.035769230769230775,0.06444906444906447,0.016112266112266117,fractional_kelly,1275.4679553556548,1393.3364895932616,1,106.76606893011024,1.247191011235955
1515676,2026-04-02 21:00:00+00:00,2026-04-02 23:00:00+00:00,2026-04-03 05:49:13+00:00,2026-04-03 05:49:13+00:00,YES,59.30813302035704,0.0,-59.30813302035704,0.345,0.45652173913043476,0.11152173913043478,0.17026219714570195,0.04256554928642549,fractional_kelly,1253.0181470513974,1393.3364895932614,0,106.76606893011024,-1.0
1742613,2026-04-02 21:00:00+00:00,2026-04-02 23:00:00+00:00,2026-04-03 06:19:29+00:00,2026-04-03 06:19:29+00:00,YES,9.996343468384326,0.0,-9.996343468384326,0.245,0.26666666666666666,0.021666666666666667,0.02869757174392936,0.00717439293598234,fractional_kelly,1193.7100140310404,1393.3364895932614,0,106.76606893011024,-1.0
1742618,2026-04-02 21:00:00+00:00,2026-04-02 23:00:00+00:00,2026-04-03 06:49:47+00:00,2026-04-03 06:49:47+00:00,NO,52.26719914378123,0.0,-52.26719914378123,0.805,0.6842105263157895,-0.12078947368421056,0.1500490356325597,0.037512258908139924,fractional_kelly,1183.713670562656,1393.3364895932614,1,106.76606893011024,-1.0
1515681,2026-04-02 21:00:00+00:00,2026-04-02 23:00:00+00:00,2026-04-03 06:55:55+00:00,2026-04-03 06:55:55+00:00,NO,21.940879130763193,0.0,-21.940879130763193,0.565,0.5294117647058824,-0.03558823529411759,0.06298802706923468,0.01574700676730867,fractional_kelly,1131.4464714188748,1393.3364895932614,1,106.76606893011024,-1.0
1742619,2026-04-02 21:00:00+00:00,2026-04-02 23:00:00+00:00,2026-04-03 07:01:01+00:00,2026-04-03 07:01:01+00:00,YES,24.619359592348548,0.0,-24.619359592348548,0.295,0.3448275862068966,0.04982758620689659,0.07067742724382495,0.017669356810956237,fractional_kelly,1109.5055922881115,1393.3364895932614,0,106.76606893011024,-1.0
1824097,2026-04-02 21:00:00+00:00,2026-04-02 23:00:00+00:00,2026-04-03 07:01:03+00:00,2026-04-03 07:01:03+00:00,NO,16.587339161824552,34.9207140248938,18.333374863069245,0.525,0.5,-0.025000000000000022,0.04761904761904766,0.011904761904761915,fractional_kelly,1084.886232695763,1393.3364895932614,0,141.68678295500405,1.1052631578947372
1515691,2026-04-02 21:00:00+00:00,2026-04-02 23:00:00+00:00,2026-04-03 07:09:15+00:00,2026-04-03 07:09:15+00:00,YES,16.47027960528379,0.0,-16.47027960528379,0.455,0.4807692307692308,0.025769230769230766,0.04728299223712068,0.01182074805928017,fractional_kelly,1068.2988935339386,1393.3364895932614,0,141.68678295500405,-1.0
1821883,2026-04-02 21:00:00+00:00,2026-04-02 23:00:00+00:00,2026-04-03 07:32:51+00:00,2026-04-03 07:32:51+00:00,YES,50.20495225254732,137.54781439054062,87.34286213799331,0.365,0.45652173913043476,0.09152173913043476,0.14412872304005475,0.03603218076001369,fractional_kelly,1051.8286139286547,1393.3364895932614,1,279.23459734554467,1.7397260273972608
1825112,2026-04-02 21:00:00+00:00,2026-04-02 23:00:00+00:00,2026-04-03 07:32:53+00:00,2026-04-03 07:32:53+00:00,YES,42.99214974902067,113.13723618163334,70.14508643261267,0.38,0.45652173913043476,0.07652173913043475,0.12342215988779799,0.030855539971949498,fractional_kelly,1001.6236616761074,1393.3364895932614,1,392.371833527178,1.631578947368421
1829538,2026-04-02 21:00:00+00:00,2026-04-02 23:00:00+00:00,2026-04-03 07:32:59+00:00,2026-04-03 07:32:59+00:00,NO,13.397466246089062,27.911388012685546,14.513921766596484,0.52,0.5,-0.020000000000000018,0.03846153846153849,0.009615384615384623,fractional_kelly,958.6315119270868,1393.3364895932614,0,420.2832215398636,1.0833333333333333
1515686,2026-04-02 21:00:00+00:00,2026-04-02 23:00:00+00:00,2026-04-03 07:47:21+00:00,2026-04-03 07:47:21+00:00,YES,15.167833671006443,0.0,-15.167833671006443,0.315,0.3448275862068966,0.029827586206896572,0.043543921469922,0.0108859803674805,fractional_kelly,945.2340456809977,1393.3364895932614,0,420.2832215398636,-1.0
1730778,2026-04-02 21:00:00+00:00,2026-04-02 23:00:00+00:00,2026-04-03 09:59:39+00:00,2026-04-03 09:59:39+00:00,YES,18.727640989156736,0.0,-18.727640989156736,0.225,0.26666666666666666,0.04166666666666666,0.05376344086021504,0.01344086021505376,fractional_kelly,930.0662120099913,1393.3364895932616,0,420.2832215398636,-1.0
1702396,2026-04-02 21:00:00+00:00,2026-04-02 23:00:00+00:00,2026-04-03 11:32:41+00:00,2026-04-03 11:32:41+00:00,NO,48.54308690158583,236.79554586139434,188.2524589598085,0.795,0.6842105263157895,-0.11078947368421055,0.13935782853359815,0.03483945713339954,fractional_kelly,911.3385710208346,1393.3364895932616,0,657.0787674012579,3.8780487804878057
1828882,2026-04-02 21:00:00+00:00,2026-04-02 23:00:00+00:00,2026-04-03 12:37:41+00:00,2026-04-03 12:37:41+00:00,NO,62.423762016661165,175.84158314552442,113.41782112886327,0.645,0.5294117647058824,-0.11558823529411766,0.17920656634746923,0.04480164158686731,fractional_kelly,862.7954841192487,1393.3364895932614,0,832.9203505467823,1.8169014084507047
1702397,2026-04-02 21:00:00+00:00,2026-04-02 23:00:00+00:00,2026-04-03 12:59:09+00:00,2026-04-03 12:59:09+00:00,NO,42.77787468049487,0.0,-42.77787468049487,0.78,0.6842105263157895,-0.09578947368421054,0.12280701754385966,0.030701754385964914,fractional_kelly,800.3717221025876,1393.3364895932614,1,832.9203505467823,-1.0
1640192,2026-04-02 21:00:00+00:00,2026-04-02 23:00:00+00:00,2026-04-03 13:03:45+00:00,2026-04-03 13:03:45+00:00,NO,19.026653744445824,43.242394873740515,24.215741129294692,0.56,0.5294117647058824,-0.030588235294117694,0.054621848739495875,0.013655462184873969,fractional_kelly,757.5938474220927,1393.3364895932614,0,876.1627454205228,1.2727272727272732
1702395,2026-04-02 21:00:00+00:00,2026-04-02 23:00:00+00:00,2026-04-03 13:25:25+00:00,2026-04-03 13:25:25+00:00,YES,139.33364895932615,0.0,-139.33364895932615,0.855,1.0,0.14500000000000002,1.0,0.1,fractional_kelly,738.5671936776469,1393.3364895932614,0,876.1627454205228,-1.0
1702399,2026-04-02 21:00:00+00:00,2026-04-02 23:00:00+00:00,2026-04-03 13:25:31+00:00,2026-04-03 13:25:31+00:00,NO,57.921236656320154,158.6883196063566,100.76708295003644,0.635,0.5294117647058824,-0.10558823529411765,0.1662806855025475,0.04157017137563687,fractional_kelly,599.2335447183207,1393.3364895932614,0,1034.8510650268795,1.7397260273972603
1832722,2026-04-02 21:00:00+00:00,2026-04-02 23:00:00+00:00,2026-04-03 14:02:07+00:00,2026-04-03 14:02:07+00:00,NO,53.274630484448224,0.0,-53.274630484448224,0.625,0.5294117647058824,-0.09558823529411764,0.15294117647058822,0.038235294117647055,fractional_kelly,541.3123080620005,1393.3364895932614,1,1034.8510650268795,-1.0
1830757,2026-04-02 21:00:00+00:00,2026-04-02 23:00:00+00:00,2026-04-03 14:04:59+00:00,2026-04-03 14:04:59+00:00,YES,139.33364895932615,164.89189225955758,25.558243300231425,0.845,1.0,0.15500000000000003,1.0,0.1,fractional_kelly,488.0376775775523,1393.3364895932614,1,1199.742957286437,0.1834319526627219
1702419,2026-04-02 21:00:00+00:00,2026-04-02 23:00:00+00:00,2026-04-03 14:24:03+00:00,2026-04-03 14:24:03+00:00,NO,30.555624771782046,122.22249908712818,91.66687431534613,0.75,0.6842105263157895,-0.06578947368421051,0.08771929824561402,0.021929824561403504,fractional_kelly,348.7040286182262,1393.3364895932616,0,1321.9654563735653,3.0
1520653,2026-04-02 21:00:00+00:00,2026-04-02 23:00:00+00:00,2026-04-03 15:30:49+00:00,2026-04-03 15:30:49+00:00,YES,27.01962794284627,131.80306313583546,104.78343519298919,0.205,0.26666666666666666,0.061666666666666675,0.07756813417190776,0.01939203354297694,fractional_kelly,318.1484038464441,1393.3364895932616,1,1453.7685195094007,3.8780487804878048
1702420,2026-04-02 21:00:00+00:00,2026-04-02 23:00:00+00:00,2026-04-03 15:33:45+00:00,2026-04-03 15:33:45+00:00,NO,26.26132074980186,101.00507980693023,74.74375905712836,0.74,0.6842105263157895,-0.0557894736842105,0.07539118065433852,0.01884779516358463,fractional_kelly,291.12877590359784,1393.3364895932616,0,1554.773599316331,2.8461538461538454
1520643,2026-04-02 21:00:00+00:00,2026-04-02 23:00:00+00:00,2026-04-03 15:34:01+00:00,2026-04-03 15:34:01+00:00,NO,16.059919792609158,36.08970739912171,20.02978760651255,0.555,0.5294117647058824,-0.02558823529411769,0.046104928457869704,0.011526232114467426,fractional_kelly,264.86745515379596,1393.3364895932614,0,1590.8633067154526,1.2471910112359552
1702418,2026-04-02 21:00:00+00:00,2026-04-02 23:00:00+00:00,2026-04-03 15:37:57+00:00,2026-04-03 15:37:57+00:00,YES,139.33364895932615,0.0,-139.33364895932615,0.84,1.0,0.16000000000000003,1.0,0.1,fractional_kelly,248.8075353611868,1393.3364895932616,0,1590.8633067154526,-1.0
1520692,2026-04-02 21:00:00+00:00,2026-04-02 23:00:00+00:00,2026-04-03 19:16:31+00:00,2026-04-03 19:16:31+00:00,YES,16.470279605283793,0.0,-16.470279605283793,0.455,0.4807692307692308,0.025769230769230766,0.04728299223712068,0.01182074805928017,fractional_kelly,109.47388640186065,1393.3364895932616,0,1590.8633067154526,-1.0
1520694,2026-04-02 21:00:00+00:00,2026-04-02 23:00:00+00:00,2026-04-03 19:17:27+00:00,2026-04-03 19:17:27+00:00,YES,12.10427452349357,0.0,-12.10427452349357,0.26,0.2857142857142857,0.02571428571428569,0.034749034749034714,0.008687258687258679,fractional_kelly,93.00360679657686,1393.3364895932614,0,1590.8633067154526,-1.0
1789070,2026-04-02 21:00:00+00:00,2026-04-02 23:00:00+00:00,2026-04-03 22:30:39+00:00,2026-04-03 22:30:39+00:00,YES,50.20495225254732,0.0,-50.20495225254732,0.365,0.45652173913043476,0.09152173913043476,0.14412872304005475,0.03603218076001369,fractional_kelly,80.89933227308329,1393.3364895932614,0,0.0,-1.0
1519163,2026-04-02 21:00:00+00:00,2026-04-02 23:00:00+00:00,2026-04-03 22:35:37+00:00,2026-04-03 22:35:37+00:00,NO,19.71702579613108,41.95111871517251,22.234092919041434,0.53,0.5,-0.030000000000000027,0.05660377358490571,0.014150943396226428,fractional_kelly,30.694380020535966,1393.3364895932616,0,41.95111871517251,1.1276595744680853
1733650,2026-04-02 21:00:00+00:00,2026-04-02 23:00:00+00:00,2026-04-03 22:39:17+00:00,2026-04-03 22:39:17+00:00,YES,10.977354224404888,27.790770188366803,16.813415963961916,0.395,0.45652173913043476,0.06152173913043474,0.10168882500898305,0.025422206252245762,fractional_kelly,10.977354224404888,1393.3364895932616,1,69.74188890353932,1.5316455696202531
658966,2026-04-03 21:00:00+00:00,2026-04-03 23:00:00+00:00,2026-03-29 04:38:26+00:00,2026-03-29 04:38:26+00:00,NO,167.1762638988536,171.1994509972899,4.023187098436296,0.0235,0.0,-0.0235,1.0,0.1,fractional_kelly,1590.8633067154526,1671.7626389885359,0,1594.8864938138888,0.02406554019457235
1760818,2026-04-03 21:00:00+00:00,2026-04-03 23:00:00+00:00,2026-04-04 04:22:17+00:00,2026-04-04 04:22:17+00:00,YES,167.57858260869722,181.16603525264563,13.58745264394841,0.925,1.0,0.07499999999999996,1.0,0.1,fractional_kelly,1594.8864938138888,1675.785826086972,1,250.90792415618495,0.081081081081081
1760815,2026-04-03 21:00:00+00:00,2026-04-03 23:00:00+00:00,2026-04-04 04:26:27+00:00,2026-04-04 04:26:27+00:00,NO,167.57858260869722,181.16603525264563,13.58745264394841,0.075,0.0,-0.075,1.0,0.1,fractional_kelly,1427.3079112051917,1675.785826086972,0,432.07395940883055,0.081081081081081
1760817,2026-04-03 21:00:00+00:00,2026-04-03 23:00:00+00:00,2026-04-04 05:26:03+00:00,2026-04-04 05:26:03+00:00,YES,167.57858260869725,189.35433063129634,21.77574802259909,0.885,1.0,0.11499999999999999,1.0,0.1,fractional_kelly,1259.7293285964945,1675.7858260869723,1,621.4282900401269,0.12994350282485884
1525608,2026-04-03 21:00:00+00:00,2026-04-03 23:00:00+00:00,2026-04-04 06:12:45+00:00,2026-04-04 06:12:45+00:00,YES,60.38221780063465,0.0,-60.38221780063465,0.365,0.45652173913043476,0.09152173913043476,0.14412872304005475,0.03603218076001369,fractional_kelly,1092.1507459877973,1675.7858260869723,0,621.4282900401269,-1.0
1524912,2026-04-03 21:00:00+00:00,2026-04-03 23:00:00+00:00,2026-04-04 06:49:57+00:00,2026-04-04 06:49:57+00:00,YES,16.113325250836265,35.02896793660057,18.915642685764308,0.46,0.4807692307692308,0.020769230769230762,0.03846153846153844,0.00961538461538461,fractional_kelly,1031.7685281871627,1675.7858260869723,1,656.4572579767274,1.1739130434782605
1846960,2026-04-03 21:00:00+00:00,2026-04-03 23:00:00+00:00,2026-04-04 07:02:35+00:00,2026-04-04 07:02:35+00:00,YES,27.000707177077004,0.0,-27.000707177077004,0.445,0.4807692307692308,0.035769230769230775,0.06444906444906447,0.016112266112266117,fractional_kelly,1015.6552029363264,1675.7858260869723,0,656.4572579767274,-1.0
1840571,2026-04-03 21:00:00+00:00,2026-04-03 23:00:00+00:00,2026-04-04 07:27:33+00:00,2026-04-04 07:27:33+00:00,NO,19.94983126294016,41.99964476408455,22.04981350114439,0.525,0.5,-0.025000000000000022,0.04761904761904766,0.011904761904761915,fractional_kelly,988.6544957592494,1675.7858260869723,0,698.456902740812,1.1052631578947367
1524908,2026-04-03 21:00:00+00:00,2026-04-03 23:00:00+00:00,2026-04-04 07:34:29+00:00,2026-04-04 07:34:29+00:00,YES,33.93780008583216,78.01793123179806,44.0801311459659,0.435,0.4807692307692308,0.045769230769230784,0.08100748808713414,0.020251872021783534,fractional_kelly,968.7046644963092,1675.7858260869723,1,776.47483397261,1.2988505747126435
1817716,2026-04-03 21:00:00+00:00,2026-04-03 23:00:00+00:00,2026-04-04 11:05:59+00:00,2026-04-04 11:05:59+00:00,NO,49.28781841432269,0.0,-49.28781841432269,0.6,0.5294117647058824,-0.07058823529411762,0.11764705882352937,0.029411764705882342,fractional_kelly,934.7668644104771,1675.7858260869723,1,776.47483397261,-1.0
1817703,2026-04-03 21:00:00+00:00,2026-04-03 23:00:00+00:00,2026-04-04 11:54:23+00:00,2026-04-04 11:54:23+00:00,NO,53.790309369033736,0.0,-53.790309369033736,0.785,0.6842105263157895,-0.10078947368421054,0.1283942339926249,0.032098558498156224,fractional_kelly,885.4790459961544,1675.7858260869723,1,776.47483397261,-1.0
1773282,2026-04-03 21:00:00+00:00,2026-04-03 23:00:00+00:00,2026-04-04 12:36:25+00:00,2026-04-04 12:36:25+00:00,YES,54.64518998109691,0.0,-54.64518998109691,0.375,0.45652173913043476,0.08152173913043476,0.13043478260869562,0.032608695652173905,fractional_kelly,831.6887366271206,1675.7858260869723,0,776.47483397261,-1.0
1773257,2026-04-03 21:00:00+00:00,2026-04-03 23:00:00+00:00,2026-04-04 12:39:07+00:00,2026-04-04 12:39:07+00:00,NO,36.540968824411635,87.0023067247896,50.46133790037797,0.58,0.5294117647058824,-0.0505882352941176,0.08722109533468553,0.021805273833671382,fractional_kelly,777.0435466460237,1675.7858260869723,0,863.4771406973996,1.380952380952381
1817195,2026-04-03 21:00:00+00:00,2026-04-03 23:00:00+00:00,2026-04-04 13:04:31+00:00,2026-04-04 13:04:31+00:00,NO,35.116369649970366,0.0,-35.116369649970366,0.81,0.7421052631578954,-0.06789473684210467,0.08382066276803046,0.020955165692007616,fractional_kelly,740.5025778216121,1675.7858260869723,1,863.4771406973996,-1.0
1773259,2026-04-03 21:00:00+00:00,2026-04-03 23:00:00+00:00,2026-04-04 13:42:23+00:00,2026-04-04 13:42:23+00:00,NO,36.540968824411635,87.0023067247896,50.46133790037797,0.58,0.5294117647058824,-0.0505882352941176,0.08722109533468553,0.021805273833671382,fractional_kelly,705.3862081716418,1675.7858260869723,0,950.4794474221892,1.380952380952381
1773254,2026-04-03 21:00:00+00:00,2026-04-03 23:00:00+00:00,2026-04-04 13:42:25+00:00,2026-04-04 13:42:25+00:00,NO,58.30388275840613,151.4386565153406,93.13477375693446,0.615,0.5294117647058824,-0.08558823529411763,0.13916786226685793,0.03479196556671448,fractional_kelly,668.8452393472302,1675.7858260869725,0,1101.9181039375298,1.5974025974025974
1773283,2026-04-03 21:00:00+00:00,2026-04-03 23:00:00+00:00,2026-04-04 14:18:11+00:00,2026-04-04 14:18:11+00:00,YES,54.64518998109692,0.0,-54.64518998109692,0.375,0.45652173913043476,0.08152173913043476,0.13043478260869562,0.032608695652173905,fractional_kelly,610.5413565888241,1675.7858260869725,0,1101.9181039375298,-1.0
1817736,2026-04-03 21:00:00+00:00,2026-04-03 23:00:00+00:00,2026-04-04 14:24:01+00:00,2026-04-04 14:24:01+00:00,NO,80.32785672868627,0.0,-80.32785672868627,0.655,0.5294117647058824,-0.12558823529411767,0.1917377638078132,0.0479344409519533,fractional_kelly,555.8961666077272,1675.7858260869725,1,1101.9181039375298,-1.0
1817740,2026-04-03 21:00:00+00:00,2026-04-03 23:00:00+00:00,2026-04-04 14:25:03+00:00,2026-04-04 14:25:03+00:00,YES,71.33074417379828,206.75578021390808,135.4250360401098,0.345,0.45652173913043476,0.11152173913043478,0.17026219714570195,0.04256554928642549,fractional_kelly,475.56830987904095,1675.7858260869725,1,1308.673884151438,1.8985507246376816
1702542,2026-04-03 21:00:00+00:00,2026-04-03 23:00:00+00:00,2026-04-04 14:25:05+00:00,2026-04-04 14:25:05+00:00,YES,76.55804811888012,0.0,-76.55804811888012,0.335,0.45652173913043476,0.12152173913043474,0.1827394573389996,0.0456848643347499,fractional_kelly,404.2375657052427,1675.7858260869725,0,1308.673884151438,-1.0
1817727,2026-04-03 21:00:00+00:00,2026-04-03 23:00:00+00:00,2026-04-04 14:33:13+00:00,2026-04-04 14:33:13+00:00,NO,15.217476923324963,0.0,-15.217476923324963,0.71,0.6842105263157895,-0.025789473684210473,0.03632320237212743,0.009080800593031858,fractional_kelly,327.6795175863625,1675.7858260869725,1,1308.673884151438,-1.0
1817725,2026-04-03 21:00:00+00:00,2026-04-03 23:00:00+00:00,2026-04-04 14:33:15+00:00,2026-04-04 14:33:15+00:00,NO,26.27854485752821,0.0,-26.27854485752821,0.73,0.6842105263157895,-0.04578947368421049,0.0627253064167267,0.015681326604181676,fractional_kelly,312.46204066303756,1675.7858260869725,1,1308.673884151438,-1.0
1817728,2026-04-03 21:00:00+00:00,2026-04-03 23:00:00+00:00,2026-04-04 14:34:15+00:00,2026-04-04 14:34:15+00:00,YES,36.277058895013894,0.0,-36.277058895013894,0.405,0.45652173913043476,0.05152173913043473,0.08659115820241131,0.021647789550602828,fractional_kelly,286.1834958055093,1675.7858260869725,0,1308.673884151438,-1.0
1773316,2026-04-03 21:00:00+00:00,2026-04-03 23:00:00+00:00,2026-04-04 15:33:43+00:00,2026-04-04 15:33:43+00:00,NO,16.113325250836283,33.56942760590893,17.456102355072645,0.52,0.5,-0.020000000000000018,0.03846153846153849,0.009615384615384623,fractional_kelly,249.90643691049542,1675.7858260869723,0,1342.2433117573469,1.0833333333333337
1817714,2026-04-03 21:00:00+00:00,2026-04-03 23:00:00+00:00,2026-04-04 15:38:41+00:00,2026-04-04 15:38:41+00:00,NO,46.181443304176305,114.02825507204025,67.84681176786395,0.595,0.5294117647058824,-0.06558823529411761,0.11023232822540775,0.027558082056351938,fractional_kelly,233.79311165965913,1675.7858260869725,0,1456.2715668293872,1.4691358024691359
1553689,2026-04-03 21:00:00+00:00,2026-04-03 23:00:00+00:00,2026-04-04 15:40:49+00:00,2026-04-04 15:40:49+00:00,YES,25.065172612411974,0.0,-25.065172612411974,0.22,0.26666666666666666,0.04666666666666666,0.05982905982905982,0.014957264957264954,fractional_kelly,187.61166835548283,1675.7858260869723,0,1456.2715668293872,-1.0
1553282,2026-04-03 21:00:00+00:00,2026-04-03 23:00:00+00:00,2026-04-04 15:42:09+00:00,2026-04-04 15:42:09+00:00,YES,17.34201018281726,0.0,-17.34201018281726,0.235,0.26666666666666666,0.031666666666666676,0.041394335511982586,0.010348583877995646,fractional_kelly,162.54649574307086,1675.7858260869725,0,1456.2715668293872,-1.0
1553690,2026-04-03 21:00:00+00:00,2026-04-03 23:00:00+00:00,2026-04-04 15:42:33+00:00,2026-04-04 15:42:33+00:00,NO,55.34779608821484,141.91742586721753,86.5696297790027,0.61,0.5294117647058824,-0.08058823529411763,0.13211186113789775,0.033027965284474436,fractional_kelly,145.2044855602536,1675.7858260869725,0,1598.1889926966048,1.564102564102564
1527151,2026-04-03 21:00:00+00:00,2026-04-03 23:00:00+00:00,2026-04-04 15:46:41+00:00,2026-04-04 15:46:41+00:00,NO,36.54096882441164,0.0,-36.54096882441164,0.58,0.5294117647058824,-0.0505882352941176,0.08722109533468553,0.021805273833671382,fractional_kelly,89.85668947203877,1675.7858260869725,1,1598.1889926966048,-1.0
1817945,2026-04-03 21:00:00+00:00,2026-04-03 23:00:00+00:00,2026-04-04 15:53:43+00:00,2026-04-04 15:53:43+00:00,NO,26.27854485752821,0.0,-26.27854485752821,0.73,0.6842105263157895,-0.04578947368421049,0.0627253064167267,0.015681326604181676,fractional_kelly,53.315720647627124,1675.7858260869725,1,1598.1889926966048,-1.0
1773315,2026-04-03 21:00:00+00:00,2026-04-03 23:00:00+00:00,2026-04-04 16:09:37+00:00,2026-04-04 16:09:37+00:00,NO,16.113325250836283,33.56942760590893,17.456102355072645,0.52,0.5,-0.020000000000000018,0.03846153846153849,0.009615384615384623,fractional_kelly,27.037175790098914,1675.7858260869723,0,1631.7584203025137,1.0833333333333337
1733557,2026-04-03 21:00:00+00:00,2026-04-03 23:00:00+00:00,2026-04-04 16:11:37+00:00,2026-04-04 16:11:37+00:00,NO,10.92385053926263,25.11230009025892,14.188449550996289,0.565,0.5294117647058824,-0.03558823529411759,0.06298802706923468,0.01574700676730867,fractional_kelly,10.92385053926263,1675.7858260869725,0,1656.8707203927727,1.2988505747126435
1820803,2026-04-04 21:00:00+00:00,2026-04-04 23:00:00+00:00,2026-04-05 00:39:55+00:00,2026-04-05 00:39:55+00:00,NO,51.75203878718309,0.0,-51.75203878718309,0.605,0.5294117647058824,-0.07558823529411762,0.12493923189110351,0.031234807972775877,fractional_kelly,1656.8707203927727,1656.8707203927727,1,0.0,-1.0
1721277,2026-04-04 21:00:00+00:00,2026-04-04 23:00:00+00:00,2026-04-05 00:48:07+00:00,2026-04-05 00:48:07+00:00,YES,26.645581760702495,183.76263283243102,157.11705107172853,0.145,0.2,0.05500000000000002,0.06432748538011698,0.016081871345029246,fractional_kelly,1605.1186816055897,1656.8707203927727,1,183.76263283243102,5.8965517241379315
1665325,2026-04-04 21:00:00+00:00,2026-04-04 23:00:00+00:00,2026-04-05 01:04:47+00:00,2026-04-05 01:04:47+00:00,YES,33.554733786034724,77.13731904835569,43.58258526232097,0.435,0.4807692307692308,0.045769230769230784,0.08100748808713414,0.020251872021783534,fractional_kelly,1578.4730998448872,1656.8707203927727,1,260.8999518807867,1.2988505747126438
1721268,2026-04-04 21:00:00+00:00,2026-04-04 23:00:00+00:00,2026-04-05 01:41:39+00:00,2026-04-05 01:41:39+00:00,YES,19.585451352561005,0.0,-19.585451352561005,0.455,0.4807692307692308,0.025769230769230766,0.04728299223712068,0.01182074805928017,fractional_kelly,1544.9183660588524,1656.8707203927727,0,260.8999518807867,-1.0
1665321,2026-04-04 21:00:00+00:00,2026-04-04 23:00:00+00:00,2026-04-05 01:48:23+00:00,2026-04-05 01:48:23+00:00,YES,22.269767747214683,98.97674554317636,76.70697779596168,0.225,0.26666666666666666,0.04166666666666666,0.05376344086021504,0.01344086021505376,fractional_kelly,1525.3329147062914,1656.8707203927727,1,359.8766974239631,3.444444444444444
1721249,2026-04-04 21:00:00+00:00,2026-04-04 23:00:00+00:00,2026-04-05 02:11:33+00:00,2026-04-05 02:11:33+00:00,NO,57.72447643870882,0.0,-57.72447643870882,0.795,0.6842105263157895,-0.11078947368421055,0.13935782853359815,0.03483945713339954,fractional_kelly,1503.0631469590767,1656.8707203927727,1,359.8766974239631,-1.0
1665323,2026-04-04 21:00:00+00:00,2026-04-04 23:00:00+00:00,2026-04-05 02:29:39+00:00,2026-04-05 02:29:39+00:00,NO,165.68707203927727,170.2847605747968,4.597688535519524,0.027,0.0,-0.027,1.0,0.1,fractional_kelly,1445.338670520368,1656.8707203927727,0,530.1614579987599,0.02774922918807817
1665374,2026-04-04 21:00:00+00:00,2026-04-04 23:00:00+00:00,2026-04-05 02:37:49+00:00,2026-04-05 02:37:49+00:00,NO,26.090754446580583,0.0,-26.090754446580583,0.565,0.5294117647058824,-0.03558823529411759,0.06298802706923468,0.01574700676730867,fractional_kelly,1279.6515984810908,1656.870720392773,1,530.1614579987599,-1.0
1665376,2026-04-04 21:00:00+00:00,2026-04-04 23:00:00+00:00,2026-04-05 03:10:49+00:00,2026-04-05 03:10:49+00:00,NO,26.090754446580583,59.97874585420823,33.887991407627645,0.565,0.5294117647058824,-0.03558823529411759,0.06298802706923468,0.01574700676730867,fractional_kelly,1253.5608440345102,1656.870720392773,0,590.1402038529682,1.2988505747126433
1721203,2026-04-04 21:00:00+00:00,2026-04-04 23:00:00+00:00,2026-04-05 03:24:49+00:00,2026-04-05 03:24:49+00:00,YES,26.6455817607025,0.0,-26.6455817607025,0.145,0.2,0.05500000000000002,0.06432748538011698,0.016081871345029246,fractional_kelly,1227.4700895879296,1656.870720392773,0,590.1402038529682,-1.0
1721170,2026-04-04 21:00:00+00:00,2026-04-04 23:00:00+00:00,2026-04-05 04:08:17+00:00,2026-04-05 04:08:17+00:00,NO,165.6870720392773,183.07963761246108,17.392565573183788,0.095,0.04000000000000003,-0.05499999999999997,0.5789473684210521,0.1,fractional_kelly,1200.824507827227,1656.870720392773,0,773.2198414654292,0.10497237569060763
1721118,2026-04-04 21:00:00+00:00,2026-04-04 23:00:00+00:00,2026-04-05 05:59:21+00:00,2026-04-05 05:59:21+00:00,YES,19.58545135256101,43.04494802760661,23.4594966750456,0.455,0.4807692307692308,0.025769230769230766,0.04728299223712068,0.01182074805928017,fractional_kelly,1035.1374357879497,1656.870720392773,1,816.2647894930358,1.1978021978021975
1538421,2026-04-04 21:00:00+00:00,2026-04-04 23:00:00+00:00,2026-04-05 06:11:23+00:00,2026-04-05 06:11:23+00:00,YES,65.19705311960101,0.0,-65.19705311960101,0.355,0.45652173913043476,0.10152173913043477,0.15739804516346476,0.03934951129086619,fractional_kelly,1015.5519844353887,1656.870720392773,0,816.2647894930358,-1.0
1538431,2026-04-04 21:00:00+00:00,2026-04-04 23:00:00+00:00,2026-04-05 06:11:25+00:00,2026-04-05 06:11:25+00:00,YES,65.19705311960101,183.65367075943948,118.45661763983847,0.355,0.45652173913043476,0.10152173913043477,0.15739804516346476,0.03934951129086619,fractional_kelly,950.3549313157877,1656.8707203927727,1,999.9184602524753,1.8169014084507045
1540073,2026-04-04 21:00:00+00:00,2026-04-04 23:00:00+00:00,2026-04-05 06:28:09+00:00,2026-04-05 06:28:09+00:00,YES,17.14626562497968,72.96283244672205,55.81656682174237,0.235,0.26666666666666666,0.031666666666666676,0.041394335511982586,0.010348583877995646,fractional_kelly,885.1578781961866,1656.8707203927727,1,1072.8812926991973,3.2553191489361706
1665372,2026-04-04 21:00:00+00:00,2026-04-04 23:00:00+00:00,2026-04-05 07:03:09+00:00,2026-04-05 07:03:09+00:00,NO,57.64578905240277,149.72932221403317,92.08353316163041,0.615,0.5294117647058824,-0.08558823529411763,0.13916786226685793,0.03479196556671448,fractional_kelly,868.0116125712069,1656.8707203927727,0,1222.6106149132304,1.5974025974025976
1540304,2026-04-04 21:00:00+00:00,2026-04-04 23:00:00+00:00,2026-04-05 07:43:29+00:00,2026-04-05 07:43:29+00:00,NO,19.72465143324731,41.52558196473118,21.80093053148387,0.525,0.5,-0.025000000000000022,0.04761904761904766,0.011904761904761915,fractional_kelly,810.3658235188042,1656.8707203927727,0,1264.1361968779615,1.105263157894737
1537942,2026-04-04 21:00:00+00:00,2026-04-04 23:00:00+00:00,2026-04-05 07:54:21+00:00,2026-04-05 07:54:21+00:00,YES,40.17495893928966,94.52931515126978,54.354356211980125,0.425,0.4807692307692308,0.05576923076923079,0.09698996655518399,0.024247491638795998,fractional_kelly,790.6411720855568,1656.8707203927727,1,1358.6655120292314,1.352941176470588
1537937,2026-04-04 21:00:00+00:00,2026-04-04 23:00:00+00:00,2026-04-05 07:55:19+00:00,2026-04-05 07:55:19+00:00,YES,48.17165668162089,125.12118618602828,76.9495295044074,0.385,0.45652173913043476,0.07152173913043475,0.11629551078119471,0.029073877695298678,fractional_kelly,750.4662131462671,1656.8707203927727,1,1483.7866982152598,1.5974025974025974
1543047,2026-04-04 21:00:00+00:00,2026-04-04 23:00:00+00:00,2026-04-05 07:59:09+00:00,2026-04-05 07:59:09+00:00,YES,35.86758866761844,0.0,-35.86758866761844,0.405,0.45652173913043476,0.05152173913043473,0.08659115820241131,0.021647789550602828,fractional_kelly,702.2945564646462,1656.8707203927725,0,1483.7866982152598,-1.0
1538661,2026-04-04 21:00:00+00:00,2026-04-04 23:00:00+00:00,2026-04-05 08:00:05+00:00,2026-04-05 08:00:05+00:00,YES,40.17495893928966,94.52931515126978,54.354356211980125,0.425,0.4807692307692308,0.05576923076923079,0.09698996655518399,0.024247491638795998,fractional_kelly,666.4269677970278,1656.8707203927727,1,1578.3160133665297,1.352941176470588
1865402,2026-04-04 21:00:00+00:00,2026-04-04 23:00:00+00:00,2026-04-05 11:14:45+00:00,2026-04-05 11:14:45+00:00,NO,76.8458139548684,0.0,-76.8458139548684,0.65,0.5294117647058824,-0.12058823529411766,0.18552036199095023,0.04638009049773756,fractional_kelly,626.2520088577381,1656.8707203927725,1,1578.3160133665297,-1.0
1865391,2026-04-04 21:00:00+00:00,2026-04-04 23:00:00+00:00,2026-04-05 11:49:47+00:00,2026-04-05 11:49:47+00:00,NO,48.52465182814147,0.0,-48.52465182814147,0.775,0.6842105263157895,-0.09078947368421053,0.1171477079796265,0.029286926994906624,fractional_kelly,549.4061949028697,1656.8707203927725,1,1578.3160133665297,-1.0
1702566,2026-04-04 21:00:00+00:00,2026-04-04 23:00:00+00:00,2026-04-05 12:12:33+00:00,2026-04-05 12:12:33+00:00,NO,23.446283779143027,0.0,-23.446283779143027,0.53,0.5,-0.030000000000000027,0.05660377358490571,0.014150943396226428,fractional_kelly,500.88154307472826,1656.8707203927725,1,1578.3160133665297,-1.0
1865433,2026-04-04 21:00:00+00:00,2026-04-04 23:00:00+00:00,2026-04-05 12:47:03+00:00,2026-04-05 12:47:03+00:00,NO,51.75203878718308,0.0,-51.75203878718308,0.605,0.5294117647058824,-0.07558823529411762,0.12493923189110351,0.031234807972775877,fractional_kelly,477.43525929558524,1656.8707203927725,1,1578.3160133665297,-1.0
1702565,2026-04-04 21:00:00+00:00,2026-04-04 23:00:00+00:00,2026-04-05 13:21:53+00:00,2026-04-05 13:21:53+00:00,NO,19.097476506911956,0.0,-19.097476506911956,0.555,0.5294117647058824,-0.02558823529411769,0.046104928457869704,0.011526232114467426,fractional_kelly,425.68322050840214,1656.8707203927727,1,1578.3160133665297,-1.0
1702567,2026-04-04 21:00:00+00:00,2026-04-04 23:00:00+00:00,2026-04-05 13:21:55+00:00,2026-04-05 13:21:55+00:00,NO,23.44628377914303,0.0,-23.44628377914303,0.53,0.5,-0.030000000000000027,0.05660377358490571,0.014150943396226428,fractional_kelly,406.5857440014902,1656.8707203927727,1,1578.3160133665297,-1.0
1865387,2026-04-04 21:00:00+00:00,2026-04-04 23:00:00+00:00,2026-04-05 13:43:03+00:00,2026-04-05 13:43:03+00:00,YES,165.68707203927727,197.24651433247294,31.559442293195673,0.84,1.0,0.16000000000000003,1.0,0.1,fractional_kelly,383.13946022234717,1656.8707203927727,1,1775.5625276990027,0.1904761904761905
1865400,2026-04-04 21:00:00+00:00,2026-04-04 23:00:00+00:00,2026-04-05 14:43:25+00:00,2026-04-05 14:43:25+00:00,NO,17.83712498030494,0.0,-17.83712498030494,0.715,0.6842105263157895,-0.030789473684210478,0.04306220095693773,0.010765550239234433,fractional_kelly,217.4523881830699,1656.8707203927725,1,1775.5625276990027,-1.0
1702630,2026-04-04 21:00:00+00:00,2026-04-04 23:00:00+00:00,2026-04-05 14:46:29+00:00,2026-04-05 14:46:29+00:00,NO,38.83741929118645,0.0,-38.83741929118645,0.755,0.6842105263157895,-0.07078947368421051,0.09376089229696756,0.02344022307424189,fractional_kelly,199.61526320276496,1656.8707203927727,1,1775.5625276990027,-1.0
1865412,2026-04-04 21:00:00+00:00,2026-04-04 23:00:00+00:00,2026-04-05 15:26:23+00:00,2026-04-05 15:26:23+00:00,YES,23.173017068430383,0.0,-23.173017068430383,0.45,0.4807692307692308,0.03076923076923077,0.055944055944055944,0.013986013986013986,fractional_kelly,160.77784391157851,1656.8707203927725,0,1775.5625276990027,-1.0
1733521,2026-04-04 21:00:00+00:00,2026-04-04 23:00:00+00:00,2026-04-05 15:58:47+00:00,2026-04-05 15:58:47+00:00,YES,23.73710843529712,0.0,-23.73710843529712,0.305,0.3448275862068966,0.03982758620689658,0.05730587943438357,0.014326469858595892,fractional_kelly,137.60482684314815,1656.8707203927727,0,1775.5625276990027,-1.0
1713163,2026-04-04 21:00:00+00:00,2026-04-04 23:00:00+00:00,2026-04-05 15:59:53+00:00,2026-04-05 15:59:53+00:00,YES,65.19705311960101,0.0,-65.19705311960101,0.355,0.45652173913043476,0.10152173913043477,0.15739804516346476,0.03934951129086619,fractional_kelly,113.86771840785103,1656.8707203927727,0,1775.5625276990027,-1.0
1713161,2026-04-04 21:00:00+00:00,2026-04-04 23:00:00+00:00,2026-04-05 16:01:07+00:00,2026-04-05 16:01:07+00:00,YES,23.73710843529712,77.82658503376105,54.08947659846393,0.305,0.3448275862068966,0.03982758620689658,0.05730587943438357,0.014326469858595892,fractional_kelly,48.67066528825002,1656.8707203927727,1,1853.3891127327638,2.278688524590164
1865434,2026-04-04 21:00:00+00:00,2026-04-04 23:00:00+00:00,2026-04-05 16:07:07+00:00,2026-04-05 16:07:07+00:00,NO,24.9335568529529,70.23537141676874,45.30181456381584,0.645,0.5294117647058824,-0.11558823529411766,0.17920656634746923,0.04480164158686731,fractional_kelly,24.9335568529529,1656.8707203927727,0,1923.6244841495325,1.8169014084507045
1880938,2026-04-05 21:00:00+00:00,2026-04-05 23:00:00+00:00,2026-04-05 23:00:01+00:00,2026-04-05 23:00:01+00:00,NO,192.36244841495326,202.48678780521396,10.124339390260701,0.05,0.0,-0.05,1.0,0.1,fractional_kelly,1923.6244841495325,1923.6244841495325,0,202.48678780521396,0.05263157894736844
1665405,2026-04-05 21:00:00+00:00,2026-04-05 23:00:00+00:00,2026-04-05 23:50:51+00:00,2026-04-05 23:50:51+00:00,NO,66.92667681581945,173.83552419693362,106.90884738111417,0.615,0.5294117647058824,-0.08558823529411763,0.13916786226685793,0.03479196556671448,fractional_kelly,1731.2620357345793,1923.6244841495325,0,376.32231200214756,1.5974025974025972
1665403,2026-04-05 21:00:00+00:00,2026-04-05 23:00:00+00:00,2026-04-06 00:51:37+00:00,2026-04-06 00:51:37+00:00,YES,192.36244841495326,233.1666041393373,40.80415572438403,0.825,1.0,0.17500000000000004,1.0,0.1,fractional_kelly,1664.3353589187598,1923.6244841495325,1,609.4889161414849,0.21212121212121215
1665427,2026-04-05 21:00:00+00:00,2026-04-05 23:00:00+00:00,2026-04-06 02:37:17+00:00,2026-04-06 02:37:17+00:00,YES,22.738680387794407,0.0,-22.738680387794407,0.455,0.4807692307692308,0.025769230769230766,0.04728299223712068,0.01182074805928017,fractional_kelly,1471.9729105038066,1923.6244841495327,0,609.4889161414849,-1.0
1870219,2026-04-05 21:00:00+00:00,2026-04-05 23:00:00+00:00,2026-04-06 03:05:29+00:00,2026-04-06 03:05:29+00:00,YES,13.55323373186015,51.14427823343453,37.59104450157437,0.265,0.2857142857142857,0.020714285714285685,0.02818270165208937,0.007045675413022342,fractional_kelly,1449.2342301160122,1923.6244841495327,1,660.6331943749194,2.773584905660377
1665426,2026-04-05 21:00:00+00:00,2026-04-05 23:00:00+00:00,2026-04-06 03:50:27+00:00,2026-04-06 03:50:27+00:00,YES,54.06636863733896,0.0,-54.06636863733896,0.415,0.4807692307692308,0.0657692307692308,0.11242603550295864,0.02810650887573966,fractional_kelly,1435.680996384152,1923.6244841495325,0,660.6331943749194,-1.0
1665428,2026-04-05 21:00:00+00:00,2026-04-05 23:00:00+00:00,2026-04-06 03:50:29+00:00,2026-04-06 03:50:29+00:00,YES,26.903838939154305,0.0,-26.903838939154305,0.45,0.4807692307692308,0.03076923076923077,0.055944055944055944,0.013986013986013986,fractional_kelly,1381.614627746813,1923.6244841495327,0,660.6331943749194,-1.0
1791540,2026-04-05 21:00:00+00:00,2026-04-05 23:00:00+00:00,2026-04-06 05:25:39+00:00,2026-04-06 05:25:39+00:00,YES,192.36244841495326,222.38433342769164,30.02188501273838,0.865,1.0,0.135,1.0,0.1,fractional_kelly,1354.7107888076587,1923.6244841495325,1,883.0175278026111,0.15606936416184977
1840316,2026-04-05 21:00:00+00:00,2026-04-05 23:00:00+00:00,2026-04-06 05:43:53+00:00,2026-04-06 05:43:53+00:00,YES,33.989207380729724,0.0,-33.989207380729724,0.295,0.3448275862068966,0.04982758620689659,0.07067742724382495,0.017669356810956237,fractional_kelly,1162.3483403927055,1923.6244841495327,0,883.0175278026111,-1.0
1543234,2026-04-05 21:00:00+00:00,2026-04-05 23:00:00+00:00,2026-04-06 06:22:27+00:00,2026-04-06 06:22:27+00:00,YES,41.642218007256005,102.82029137594074,61.178073368684736,0.405,0.45652173913043476,0.05152173913043473,0.08659115820241131,0.021647789550602828,fractional_kelly,1128.3591330119757,1923.6244841495325,1,985.8378191785519,1.4691358024691354
1537987,2026-04-05 21:00:00+00:00,2026-04-05 23:00:00+00:00,2026-04-06 06:54:53+00:00,2026-04-06 06:54:53+00:00,YES,69.31238512726405,189.8969455541481,120.58456042688404,0.365,0.45652173913043476,0.09152173913043476,0.14412872304005475,0.03603218076001369,fractional_kelly,1086.7169150047198,1923.6244841495327,1,1175.7347647327,1.7397260273972603
1791549,2026-04-05 21:00:00+00:00,2026-04-05 23:00:00+00:00,2026-04-06 07:08:07+00:00,2026-04-06 07:08:07+00:00,NO,60.08404137414071,0.0,-60.08404137414071,0.605,0.5294117647058824,-0.07558823529411762,0.12493923189110351,0.031234807972775877,fractional_kelly,1017.4045298774557,1923.6244841495327,1,1175.7347647327,-1.0
1849620,2026-04-05 21:00:00+00:00,2026-04-05 23:00:00+00:00,2026-04-06 09:06:41+00:00,2026-04-06 09:06:41+00:00,NO,66.92667681581945,0.0,-66.92667681581945,0.615,0.5294117647058824,-0.08558823529411763,0.13916786226685793,0.03479196556671448,fractional_kelly,957.320488503315,1923.6244841495327,1,1175.7347647327,-1.0
1849616,2026-04-05 21:00:00+00:00,2026-04-05 23:00:00+00:00,2026-04-06 10:07:25+00:00,2026-04-06 10:07:25+00:00,NO,14.181255528911223,0.0,-14.181255528911223,0.705,0.6842105263157895,-0.02078947368421047,0.029488615154908467,0.007372153788727117,fractional_kelly,890.3938116874956,1923.6244841495327,1,1175.7347647327,-1.0
1849661,2026-04-05 21:00:00+00:00,2026-04-05 23:00:00+00:00,2026-04-06 10:58:13+00:00,2026-04-06 10:58:13+00:00,YES,66.04576817559644,0.0,-66.04576817559644,0.37,0.45652173913043476,0.08652173913043476,0.13733609385783296,0.03433402346445824,fractional_kelly,876.2125561585843,1923.6244841495327,0,1175.7347647327,-1.0
1849663,2026-04-05 21:00:00+00:00,2026-04-05 23:00:00+00:00,2026-04-06 12:00:39+00:00,2026-04-06 12:00:39+00:00,YES,69.31238512726404,189.89694555414806,120.58456042688402,0.365,0.45652173913043476,0.09152173913043476,0.14412872304005475,0.03603218076001369,fractional_kelly,810.1667879829879,1923.6244841495325,1,1365.631710286848,1.7397260273972606
1882343,2026-04-05 21:00:00+00:00,2026-04-05 23:00:00+00:00,2026-04-06 12:24:01+00:00,2026-04-06 12:24:01+00:00,YES,31.65199522751354,0.0,-31.65199522751354,0.215,0.26666666666666666,0.051666666666666666,0.06581740976645435,0.016454352441613588,fractional_kelly,740.8544028557238,1923.6244841495327,0,1365.631710286848,-1.0
1849660,2026-04-05 21:00:00+00:00,2026-04-05 23:00:00+00:00,2026-04-06 12:52:01+00:00,2026-04-06 12:52:01+00:00,YES,27.558748191425348,0.0,-27.558748191425348,0.305,0.3448275862068966,0.03982758620689658,0.05730587943438357,0.014326469858595892,fractional_kelly,709.2024076282103,1923.6244841495325,0,1365.631710286848,-1.0
1881444,2026-04-05 21:00:00+00:00,2026-04-05 23:00:00+00:00,2026-04-06 13:02:25+00:00,2026-04-06 13:02:25+00:00,NO,45.69696172753412,0.0,-45.69696172753412,0.585,0.5294117647058824,-0.055588235294117605,0.09502262443438908,0.02375565610859727,fractional_kelly,681.6436594367849,1923.6244841495325,1,1365.631710286848,-1.0
1695948,2026-04-05 21:00:00+00:00,2026-04-05 23:00:00+00:00,2026-04-06 14:35:59+00:00,2026-04-06 14:35:59+00:00,YES,14.572912758708595,0.0,-14.572912758708595,0.175,0.2,0.025000000000000022,0.03030303030303033,0.007575757575757583,fractional_kelly,635.9466977092508,1923.6244841495327,0,1365.631710286848,-1.0
1695950,2026-04-05 21:00:00+00:00,2026-04-05 23:00:00+00:00,2026-04-06 14:36:59+00:00,2026-04-06 14:36:59+00:00,NO,38.12810678301499,89.71319243062351,51.585085647608516,0.575,0.5294117647058824,-0.045588235294117596,0.07928388746803061,0.019820971867007653,fractional_kelly,621.3737849505421,1923.6244841495325,0,1455.3449027174715,1.352941176470588
1849700,2026-04-05 21:00:00+00:00,2026-04-05 23:00:00+00:00,2026-04-06 14:46:03+00:00,2026-04-06 14:46:03+00:00,NO,79.96539946846714,0.0,-79.96539946846714,0.635,0.5294117647058824,-0.10558823529411765,0.1662806855025475,0.04157017137563687,fractional_kelly,583.2456781675271,1923.6244841495325,1,1455.3449027174715,-1.0
1849701,2026-04-05 21:00:00+00:00,2026-04-05 23:00:00+00:00,2026-04-06 14:56:55+00:00,2026-04-06 14:56:55+00:00,NO,79.96539946846713,219.08328621497844,139.11788674651132,0.635,0.5294117647058824,-0.10558823529411765,0.1662806855025475,0.04157017137563687,fractional_kelly,503.28027869906,1923.6244841495322,0,1674.42818893245,1.7397260273972606
1882361,2026-04-05 21:00:00+00:00,2026-04-05 23:00:00+00:00,2026-04-06 14:58:49+00:00,2026-04-06 14:58:49+00:00,NO,26.267981401201634,59.699957730003725,33.431976328802094,0.56,0.5294117647058824,-0.030588235294117694,0.054621848739495875,0.013655462184873969,fractional_kelly,423.31487923059285,1923.6244841495325,0,1734.1281466624537,1.2727272727272732
1882376,2026-04-05 21:00:00+00:00,2026-04-05 23:00:00+00:00,2026-04-06 15:35:55+00:00,2026-04-06 15:35:55+00:00,NO,38.128106783014985,89.71319243062348,51.585085647608494,0.575,0.5294117647058824,-0.045588235294117596,0.07928388746803061,0.019820971867007653,fractional_kelly,397.04689782939124,1923.6244841495322,0,1823.841339093077,1.3529411764705879
1543376,2026-04-05 21:00:00+00:00,2026-04-05 23:00:00+00:00,2026-04-06 15:50:31+00:00,2026-04-06 15:50:31+00:00,YES,25.855167797708763,0.0,-25.855167797708763,0.225,0.26666666666666666,0.04166666666666666,0.05376344086021504,0.01344086021505376,fractional_kelly,358.91879104637627,1923.6244841495325,0,1823.841339093077,-1.0
1882398,2026-04-05 21:00:00+00:00,2026-04-05 23:00:00+00:00,2026-04-06 17:00:23+00:00,2026-04-06 17:00:23+00:00,YES,69.31238512726404,189.89694555414806,120.58456042688402,0.365,0.45652173913043476,0.09152173913043476,0.14412872304005475,0.03603218076001369,fractional_kelly,333.0636232486675,1923.6244841495325,1,2013.738284647225,1.7397260273972606
1882387,2026-04-05 21:00:00+00:00,2026-04-05 23:00:00+00:00,2026-04-06 17:24:09+00:00,2026-04-06 17:24:09+00:00,YES,18.496389270668573,40.20954189275776,21.71315262208919,0.46,0.4807692307692308,0.020769230769230762,0.03846153846153844,0.00961538461538461,fractional_kelly,263.7512381214035,1923.6244841495325,1,2053.947826539983,1.1739130434782608
1801776,2026-04-05 21:00:00+00:00,2026-04-05 23:00:00+00:00,2026-04-06 18:58:51+00:00,2026-04-06 18:58:51+00:00,NO,86.18153468658987,242.76488644109824,156.58335175450839,0.645,0.5294117647058824,-0.11558823529411766,0.17920656634746923,0.04480164158686731,fractional_kelly,245.25484885073493,1923.6244841495325,0,2296.712712981081,1.8169014084507045
1542017,2026-04-05 21:00:00+00:00,2026-04-05 23:00:00+00:00,2026-04-06 19:21:27+00:00,2026-04-06 19:21:27+00:00,YES,16.87389898376783,0.0,-16.87389898376783,0.24,0.26666666666666666,0.026666666666666672,0.03508771929824562,0.008771929824561405,fractional_kelly,159.07331416414507,1923.6244841495325,0,2296.712712981081,-1.0
1801774,2026-04-05 21:00:00+00:00,2026-04-05 23:00:00+00:00,2026-04-06 19:30:13+00:00,2026-04-06 19:30:13+00:00,NO,83.09774885572429,0.0,-83.09774885572429,0.64,0.5294117647058824,-0.11058823529411765,0.17279411764705882,0.043198529411764705,fractional_kelly,142.19941518037723,1923.6244841495325,1,2296.712712981081,-1.0
1882410,2026-04-05 21:00:00+00:00,2026-04-05 23:00:00+00:00,2026-04-06 19:36:21+00:00,2026-04-06 19:36:21+00:00,NO,30.291327769663337,69.63523625209962,39.34390848243628,0.565,0.5294117647058824,-0.03558823529411759,0.06298802706923468,0.01574700676730867,fractional_kelly,59.10166632465294,1923.6244841495325,0,2366.3479492331808,1.2988505747126433
1881588,2026-04-05 21:00:00+00:00,2026-04-05 23:00:00+00:00,2026-04-06 19:45:13+00:00,2026-04-06 19:45:13+00:00,YES,28.810338554989602,32.01148728332178,3.201148728332175,0.9,1.0,0.09999999999999998,1.0,0.1,fractional_kelly,28.810338554989602,1923.6244841495325,1,2398.3594365165027,0.11111111111111101
1895129,2026-04-06 21:00:00+00:00,2026-04-06 23:00:00+00:00,2026-04-07 03:06:21+00:00,2026-04-07 03:06:21+00:00,NO,28.551898053767914,0.0,-28.551898053767914,0.525,0.5,-0.025000000000000022,0.04761904761904766,0.011904761904761915,fractional_kelly,2398.3594365165027,2398.3594365165027,1,1501.1954500113145,-1.0
1806936,2026-04-06 21:00:00+00:00,2026-04-06 23:00:00+00:00,2026-04-07 04:27:19+00:00,2026-04-07 04:27:19+00:00,YES,239.83594365165027,271.00106627305115,31.165122621400883,0.885,1.0,0.11499999999999999,1.0,0.1,fractional_kelly,2369.8075384627346,2398.3594365165027,1,1772.1965162843658,0.12994350282485875
1891183,2026-04-06 21:00:00+00:00,2026-04-06 23:00:00+00:00,2026-04-07 04:48:07+00:00,2026-04-07 04:48:07+00:00,YES,58.15420038376138,136.83341266767383,78.67921228391245,0.425,0.4807692307692308,0.05576923076923079,0.09698996655518399,0.024247491638795998,fractional_kelly,2129.9715948110843,2398.3594365165027,1,1909.0299289520397,1.352941176470588
1885463,2026-04-06 21:00:00+00:00,2026-04-06 23:00:00+00:00,2026-04-07 04:49:17+00:00,2026-04-07 04:49:17+00:00,YES,28.35040265465873,62.30857726298622,33.95817460832749,0.455,0.4807692307692308,0.025769230769230766,0.04728299223712068,0.01182074805928017,fractional_kelly,2071.817394427323,2398.3594365165027,1,1971.338506215026,1.1978021978021978
1806938,2026-04-06 21:00:00+00:00,2026-04-06 23:00:00+00:00,2026-04-07 05:04:21+00:00,2026-04-07 05:04:21+00:00,YES,32.23601393167341,0.0,-32.23601393167341,0.225,0.26666666666666666,0.04166666666666666,0.05376344086021504,0.01344086021505376,fractional_kelly,2043.4669917726644,2398.3594365165027,0,1971.338506215026,-1.0
1890460,2026-04-06 21:00:00+00:00,2026-04-06 23:00:00+00:00,2026-04-07 05:06:27+00:00,2026-04-07 05:06:27+00:00,NO,37.76698227726397,0.0,-37.76698227726397,0.565,0.5294117647058824,-0.03558823529411759,0.06298802706923468,0.01574700676730867,fractional_kelly,2011.230977840991,2398.3594365165027,1,1971.338506215026,-1.0
1871367,2026-04-06 21:00:00+00:00,2026-04-06 23:00:00+00:00,2026-04-07 05:58:49+00:00,2026-04-07 05:58:49+00:00,YES,16.898062113454444,0.0,-16.898062113454444,0.265,0.2857142857142857,0.020714285714285685,0.02818270165208937,0.007045675413022342,fractional_kelly,1973.4639955637272,2398.3594365165027,0,1971.338506215026,-1.0
1806939,2026-04-06 21:00:00+00:00,2026-04-06 23:00:00+00:00,2026-04-07 06:01:51+00:00,2026-04-07 06:01:51+00:00,YES,16.898062113454444,0.0,-16.898062113454444,0.265,0.2857142857142857,0.020714285714285685,0.02818270165208937,0.007045675413022342,fractional_kelly,1956.5659334502727,2398.3594365165027,0,1971.338506215026,-1.0
1875813,2026-04-06 21:00:00+00:00,2026-04-06 23:00:00+00:00,2026-04-07 06:04:51+00:00,2026-04-07 06:04:51+00:00,YES,43.651459524510535,99.20786255570576,55.556403031195224,0.44,0.4807692307692308,0.04076923076923078,0.07280219780219782,0.018200549450549455,fractional_kelly,1939.6678713368183,2398.3594365165027,1,2070.5463687707315,1.2727272727272727
1873574,2026-04-06 21:00:00+00:00,2026-04-06 23:00:00+00:00,2026-04-07 06:30:11+00:00,2026-04-07 06:30:11+00:00,YES,38.6430054740185,0.0,-38.6430054740185,0.445,0.4807692307692308,0.035769230769230775,0.06444906444906447,0.016112266112266117,fractional_kelly,1896.0164118123078,2398.3594365165027,0,2070.5463687707315,-1.0
1552116,2026-04-06 21:00:00+00:00,2026-04-06 23:00:00+00:00,2026-04-07 07:02:21+00:00,2026-04-07 07:02:21+00:00,YES,67.40951078966505,0.0,-67.40951078966505,0.415,0.4807692307692308,0.0657692307692308,0.11242603550295864,0.02810650887573966,fractional_kelly,1857.3734063382892,2398.3594365165027,0,2070.5463687707315,-1.0
1552121,2026-04-06 21:00:00+00:00,2026-04-06 23:00:00+00:00,2026-04-07 07:30:21+00:00,2026-04-07 07:30:21+00:00,YES,48.57126837056908,0.0,-48.57126837056908,0.435,0.4807692307692308,0.045769230769230784,0.08100748808713414,0.020251872021783534,fractional_kelly,1789.9638955486241,2398.3594365165027,0,2070.5463687707315,-1.0
1855343,2026-04-06 21:00:00+00:00,2026-04-06 23:00:00+00:00,2026-04-07 12:17:43+00:00,2026-04-07 12:17:43+00:00,NO,52.296884264812135,0.0,-52.296884264812135,0.58,0.5294117647058824,-0.0505882352941176,0.08722109533468553,0.021805273833671382,fractional_kelly,1741.3926271780551,2398.3594365165027,1,2070.5463687707315,-1.0
1855340,2026-04-06 21:00:00+00:00,2026-04-06 23:00:00+00:00,2026-04-07 13:37:21+00:00,2026-04-07 13:37:21+00:00,YES,48.57126837056908,111.65808820820477,63.086819837635694,0.435,0.4807692307692308,0.045769230769230784,0.08100748808713414,0.020251872021783534,fractional_kelly,1689.095742913243,2398.3594365165027,1,2182.2044569789364,1.2988505747126435
1855337,2026-04-06 21:00:00+00:00,2026-04-06 23:00:00+00:00,2026-04-07 14:32:37+00:00,2026-04-07 14:32:37+00:00,YES,67.40951078966505,162.4325561196748,95.02304533000977,0.415,0.4807692307692308,0.0657692307692308,0.11242603550295864,0.02810650887573966,fractional_kelly,1640.524474542674,2398.3594365165027,1,2344.637013098611,1.4096385542168675
1855375,2026-04-06 21:00:00+00:00,2026-04-06 23:00:00+00:00,2026-04-07 15:58:19+00:00,2026-04-07 15:58:19+00:00,YES,71.91951374169437,0.0,-71.91951374169437,0.41,0.4807692307692308,0.0707692307692308,0.11994784876140813,0.02998696219035203,fractional_kelly,1573.1149637530089,2398.3594365165027,0,2344.637013098611,-1.0
